#
# There is insufficient memory for the Java Runtime Environment to continue.
# Native memory allocation (malloc) failed to allocate 1614640 bytes. Error detail: Chunk::new
# Possible reasons:
#   The system is out of physical RAM or swap space
#   This process is running with CompressedOops enabled, and the Java Heap may be blocking the growth of the native heap
# Possible solutions:
#   Reduce memory load on the system
#   Increase physical memory or swap space
#   Check if swap backing store is full
#   Decrease Java heap size (-Xmx/-Xms)
#   Decrease number of Java threads
#   Decrease Java thread stack sizes (-Xss)
#   Set larger code cache with -XX:ReservedCodeCacheSize=
#   JVM is running with Unscaled Compressed Oops mode in which the Java heap is
#     placed in the first 4GB address space. The Java Heap base address is the
#     maximum limit for the native heap growth. Please use -XX:HeapBaseMinAddress
#     to set the Java Heap base and to place the Java Heap above 4GB virtual address.
# This output file may be truncated or incomplete.
#
#  Out of Memory Error (arena.cpp:191), pid=10704, tid=10296
#
# JRE version: OpenJDK Runtime Environment (17.0.11) (build 17.0.11+0--11852314)
# Java VM: OpenJDK 64-Bit Server VM (17.0.11+0--11852314, mixed mode, tiered, compressed oops, compressed class ptrs, g1 gc, windows-amd64)
# No core dump will be written. Minidumps are not enabled by default on client versions of Windows
#

---------------  S U M M A R Y ------------

Command Line: --add-opens=java.base/java.util=ALL-UNNAMED --add-opens=java.base/java.lang=ALL-UNNAMED --add-opens=java.base/java.lang.invoke=ALL-UNNAMED --add-opens=java.prefs/java.util.prefs=ALL-UNNAMED --add-opens=java.base/java.nio.charset=ALL-UNNAMED --add-opens=java.base/java.net=ALL-UNNAMED --add-opens=java.base/java.util.concurrent.atomic=ALL-UNNAMED -Xmx2048m -Dfile.encoding=UTF-8 -Duser.country=US -Duser.language=en -Duser.variant -javaagent:C:\Users\Ranga\.gradle\wrapper\dists\gradle-8.7-bin\bhs2wmbdwecv87pi65oeuq5iu\gradle-8.7\lib\agents\gradle-instrumentation-agent-8.7.jar org.gradle.launcher.daemon.bootstrap.GradleDaemon 8.7

Host: 13th Gen Intel(R) Core(TM) i7-13620H, 16 cores, 15G,  Windows 11 , 64 bit Build 26100 (10.0.26100.7623)
Time: Wed Feb 11 02:33:22 2026 Sri Lanka Standard Time elapsed time: 252.723649 seconds (0d 0h 4m 12s)

---------------  T H R E A D  ---------------

Current thread (0x000001c6c03282c0):  JavaThread "C2 CompilerThread2" daemon [_thread_in_native, id=10296, stack(0x000000be80900000,0x000000be80a00000)]


Current CompileTask:
C2: 252723 17566       4       org.gradle.internal.operations.DefaultBuildOperationRunner$2::execute (12 bytes)

Stack: [0x000000be80900000,0x000000be80a00000]
Native frames: (J=compiled Java code, j=interpreted, Vv=VM code, C=native code)
V  [jvm.dll+0x687bb9]
V  [jvm.dll+0x84142a]
V  [jvm.dll+0x8430ae]
V  [jvm.dll+0x843713]
V  [jvm.dll+0x24a35f]
V  [jvm.dll+0xac544]
V  [jvm.dll+0xacb8c]
V  [jvm.dll+0x369c37]
V  [jvm.dll+0x1be312]
V  [jvm.dll+0x21c029]
V  [jvm.dll+0x21b311]
V  [jvm.dll+0x1a63ed]
V  [jvm.dll+0x22b1ee]
V  [jvm.dll+0x229375]
V  [jvm.dll+0x7f5647]
V  [jvm.dll+0x7efa4a]
V  [jvm.dll+0x686a35]
C  [ucrtbase.dll+0x37b0]
C  [KERNEL32.DLL+0x2e8d7]
C  [ntdll.dll+0x8c53c]


---------------  P R O C E S S  ---------------

Threads class SMR info:
_java_thread_list=0x000001c6bfa04f00, length=68, elements={
0x000001c6913601a0, 0x000001c6adcdcba0, 0x000001c6adcdd470, 0x000001c6add1b290,
0x000001c6add1db70, 0x000001c6add1e440, 0x000001c6add1ed10, 0x000001c6add1f910,
0x000001c6add20220, 0x000001c6add35160, 0x000001c6ade23130, 0x000001c6ae0102d0,
0x000001c6b4406080, 0x000001c6aea5cf20, 0x000001c6ae7a6160, 0x000001c6b393d650,
0x000001c6b393cc30, 0x000001c6b393bd00, 0x000001c6b4ff9630, 0x000001c6b4ff9b40,
0x000001c6b4ffb490, 0x000001c6b4ff9120, 0x000001c6b4fff660, 0x000001c6b4ffe220,
0x000001c6b4bbd340, 0x000001c6b4bbdd60, 0x000001c6b4bbce30, 0x000001c6b4bc0af0,
0x000001c6b7688f60, 0x000001c6b76861d0, 0x000001c6b768d130, 0x000001c6b768b7e0,
0x000001c6b768c710, 0x000001c6b768adc0, 0x000001c6b768a3a0, 0x000001c6b768cc20,
0x000001c6b768d640, 0x000001c6b7689e90, 0x000001c6b768db50, 0x000001c6b7680bc0,
0x000001c6b7681af0, 0x000001c6b7682000, 0x000001c6b7682510, 0x000001c6b7683950,
0x000001c6b7682a20, 0x000001c6b7683e60, 0x000001c6b7682f30, 0x000001c6c0325d90,
0x000001c6c03282c0, 0x000001c6b76810d0, 0x000001c6b7685cc0, 0x000001c6b7683440,
0x000001c6b7687100, 0x000001c6b7687b20, 0x000001c6b7687610, 0x000001c6b7684370,
0x000001c6c0328810, 0x000001c6b7684d90, 0x000001c6c0324da0, 0x000001c6b76852a0,
0x000001c6c03252f0, 0x000001c6b7689980, 0x000001c6b768a8b0, 0x000001c6b768e570,
0x000001c6b768b2d0, 0x000001c6b768ea80, 0x000001c6b768bcf0, 0x000001c6b768f4a0
}

Java Threads: ( => current thread )
  0x000001c6913601a0 JavaThread "main" [_thread_blocked, id=9852, stack(0x000000bef9400000,0x000000bef9500000)]
  0x000001c6adcdcba0 JavaThread "Reference Handler" daemon [_thread_blocked, id=4752, stack(0x000000bef9b00000,0x000000bef9c00000)]
  0x000001c6adcdd470 JavaThread "Finalizer" daemon [_thread_blocked, id=27864, stack(0x000000bef9c00000,0x000000bef9d00000)]
  0x000001c6add1b290 JavaThread "Signal Dispatcher" daemon [_thread_blocked, id=8020, stack(0x000000bef9d00000,0x000000bef9e00000)]
  0x000001c6add1db70 JavaThread "Attach Listener" daemon [_thread_blocked, id=22832, stack(0x000000bef9e00000,0x000000bef9f00000)]
  0x000001c6add1e440 JavaThread "Service Thread" daemon [_thread_blocked, id=22776, stack(0x000000bef9f00000,0x000000befa000000)]
  0x000001c6add1ed10 JavaThread "Monitor Deflation Thread" daemon [_thread_blocked, id=13544, stack(0x000000befa000000,0x000000befa100000)]
  0x000001c6add1f910 JavaThread "C2 CompilerThread0" daemon [_thread_in_vm, id=4364, stack(0x000000befa100000,0x000000befa200000)]
  0x000001c6add20220 JavaThread "C1 CompilerThread0" daemon [_thread_blocked, id=6532, stack(0x000000befa200000,0x000000befa300000)]
  0x000001c6add35160 JavaThread "Sweeper thread" daemon [_thread_blocked, id=6348, stack(0x000000befa300000,0x000000befa400000)]
  0x000001c6ade23130 JavaThread "Common-Cleaner" daemon [_thread_blocked, id=3120, stack(0x000000befa400000,0x000000befa500000)]
  0x000001c6ae0102d0 JavaThread "Notification Thread" daemon [_thread_blocked, id=27272, stack(0x000000befa800000,0x000000befa900000)]
  0x000001c6b4406080 JavaThread "Daemon health stats" [_thread_blocked, id=24064, stack(0x000000befb200000,0x000000befb300000)]
  0x000001c6aea5cf20 JavaThread "Incoming local TCP Connector on port 49256" [_thread_in_native, id=24396, stack(0x000000befac00000,0x000000befad00000)]
  0x000001c6ae7a6160 JavaThread "Daemon periodic checks" [_thread_blocked, id=1060, stack(0x000000befb300000,0x000000befb400000)]
  0x000001c6b393d650 JavaThread "Cache worker for journal cache (C:\Users\Ranga\.gradle\caches\journal-1)" [_thread_blocked, id=24992, stack(0x000000befab00000,0x000000befac00000)]
  0x000001c6b393cc30 JavaThread "File lock request listener" [_thread_in_native, id=8160, stack(0x000000befc400000,0x000000befc500000)]
  0x000001c6b393bd00 JavaThread "Cache worker for file hash cache (C:\Users\Ranga\.gradle\caches\8.7\fileHashes)" [_thread_blocked, id=15624, stack(0x000000befc500000,0x000000befc600000)]
  0x000001c6b4ff9630 JavaThread "File watcher server" daemon [_thread_in_native, id=20784, stack(0x000000befc800000,0x000000befc900000)]
  0x000001c6b4ff9b40 JavaThread "File watcher consumer" daemon [_thread_blocked, id=22564, stack(0x000000befc900000,0x000000befca00000)]
  0x000001c6b4ffb490 JavaThread "Cache worker for file content cache (C:\Users\Ranga\.gradle\caches\8.7\fileContent)" [_thread_blocked, id=20804, stack(0x000000befcc00000,0x000000befcd00000)]
  0x000001c6b4ff9120 JavaThread "jar transforms" [_thread_blocked, id=2304, stack(0x000000befcf00000,0x000000befd000000)]
  0x000001c6b4fff660 JavaThread "jar transforms Thread 2" [_thread_blocked, id=11540, stack(0x000000befd000000,0x000000befd100000)]
  0x000001c6b4ffe220 JavaThread "jar transforms Thread 3" [_thread_blocked, id=20668, stack(0x000000befd200000,0x000000befd300000)]
  0x000001c6b4bbd340 JavaThread "jar transforms Thread 4" [_thread_blocked, id=24004, stack(0x000000beff000000,0x000000beff100000)]
  0x000001c6b4bbdd60 JavaThread "jar transforms Thread 5" [_thread_blocked, id=18640, stack(0x000000beff100000,0x000000beff200000)]
  0x000001c6b4bbce30 JavaThread "Memory manager" [_thread_blocked, id=10224, stack(0x000000beff200000,0x000000beff300000)]
  0x000001c6b4bc0af0 JavaThread "jar transforms Thread 6" [_thread_blocked, id=24272, stack(0x000000beff300000,0x000000beff400000)]
  0x000001c6b7688f60 JavaThread "ForkJoinPool.commonPool-worker-1" daemon [_thread_blocked, id=7060, stack(0x000000be8a000000,0x000000be8a100000)]
  0x000001c6b76861d0 JavaThread "ForkJoinPool.commonPool-worker-2" daemon [_thread_blocked, id=16364, stack(0x000000be8a300000,0x000000be8a400000)]
  0x000001c6b768d130 JavaThread "ForkJoinPool.commonPool-worker-3" daemon [_thread_blocked, id=18500, stack(0x000000be8a400000,0x000000be8a500000)]
  0x000001c6b768b7e0 JavaThread "ForkJoinPool.commonPool-worker-4" daemon [_thread_blocked, id=18792, stack(0x000000be8a500000,0x000000be8a600000)]
  0x000001c6b768c710 JavaThread "ForkJoinPool.commonPool-worker-5" daemon [_thread_blocked, id=12620, stack(0x000000be8a600000,0x000000be8a700000)]
  0x000001c6b768adc0 JavaThread "ForkJoinPool.commonPool-worker-6" daemon [_thread_blocked, id=19148, stack(0x000000be8a700000,0x000000be8a800000)]
  0x000001c6b768a3a0 JavaThread "ForkJoinPool.commonPool-worker-7" daemon [_thread_blocked, id=18212, stack(0x000000be8a800000,0x000000be8a900000)]
  0x000001c6b768cc20 JavaThread "ForkJoinPool.commonPool-worker-11" daemon [_thread_blocked, id=16572, stack(0x000000be8ac00000,0x000000be8ad00000)]
  0x000001c6b768d640 JavaThread "ForkJoinPool.commonPool-worker-12" daemon [_thread_blocked, id=27388, stack(0x000000be8ad00000,0x000000be8ae00000)]
  0x000001c6b7689e90 JavaThread "ForkJoinPool.commonPool-worker-13" daemon [_thread_blocked, id=23540, stack(0x000000be8ae00000,0x000000be8af00000)]
  0x000001c6b768db50 JavaThread "ForkJoinPool.commonPool-worker-14" daemon [_thread_blocked, id=21176, stack(0x000000be8af00000,0x000000be8b000000)]
  0x000001c6b7680bc0 JavaThread "Daemon Thread 2" [_thread_blocked, id=12392, stack(0x000000be80000000,0x000000be80100000)]
  0x000001c6b7681af0 JavaThread "Handler for socket connection from /127.0.0.1:49256 to /127.0.0.1:63605" [_thread_in_native, id=17948, stack(0x000000be80100000,0x000000be80200000)]
  0x000001c6b7682000 JavaThread "Cancel handler" [_thread_blocked, id=20484, stack(0x000000be80200000,0x000000be80300000)]
  0x000001c6b7682510 JavaThread "Daemon worker Thread 2" [_thread_in_vm, id=15284, stack(0x000000be80300000,0x000000be80400000)]
  0x000001c6b7683950 JavaThread "Asynchronous log dispatcher for DefaultDaemonConnection: socket connection from /127.0.0.1:49256 to /127.0.0.1:63605" [_thread_blocked, id=24548, stack(0x000000be80400000,0x000000be80500000)]
  0x000001c6b7682a20 JavaThread "Stdin handler" [_thread_blocked, id=8440, stack(0x000000be80500000,0x000000be80600000)]
  0x000001c6b7683e60 JavaThread "Daemon client event forwarder" [_thread_blocked, id=23628, stack(0x000000be80600000,0x000000be80700000)]
  0x000001c6b7682f30 JavaThread "Cache worker for file hash cache (C:\Users\Ranga\AndroidStudioProjects\bcu_project\mediFindTest\.gradle\8.7\fileHashes)" [_thread_blocked, id=19084, stack(0x000000be80700000,0x000000be80800000)]
  0x000001c6c0325d90 JavaThread "C2 CompilerThread1" daemon [_thread_in_native, id=8240, stack(0x000000be80800000,0x000000be80900000)]
=>0x000001c6c03282c0 JavaThread "C2 CompilerThread2" daemon [_thread_in_native, id=10296, stack(0x000000be80900000,0x000000be80a00000)]
  0x000001c6b76810d0 JavaThread "Cache worker for checksums cache (C:\Users\Ranga\AndroidStudioProjects\bcu_project\mediFindTest\.gradle\8.7\checksums)" [_thread_blocked, id=21928, stack(0x000000be80a00000,0x000000be80b00000)]
  0x000001c6b7685cc0 JavaThread "Cache worker for cache directory md-supplier (C:\Users\Ranga\.gradle\caches\8.7\md-supplier)" [_thread_blocked, id=14676, stack(0x000000be80b00000,0x000000be80c00000)]
  0x000001c6b7683440 JavaThread "Cache worker for cache directory md-rule (C:\Users\Ranga\.gradle\caches\8.7\md-rule)" [_thread_blocked, id=27600, stack(0x000000be80c00000,0x000000be80d00000)]
  0x000001c6b7687100 JavaThread "Cache worker for Build Output Cleanup Cache (C:\Users\Ranga\AndroidStudioProjects\bcu_project\mediFindTest\.gradle\buildOutputCleanup)" [_thread_blocked, id=28244, stack(0x000000be80d00000,0x000000be80e00000)]
  0x000001c6b7687b20 JavaThread "Unconstrained build operations" [_thread_blocked, id=27028, stack(0x000000be80e00000,0x000000be80f00000)]
  0x000001c6b7687610 JavaThread "Unconstrained build operations Thread 2" [_thread_blocked, id=5480, stack(0x000000be80f00000,0x000000be81000000)]
  0x000001c6b7684370 JavaThread "Unconstrained build operations Thread 3" [_thread_blocked, id=5192, stack(0x000000be81000000,0x000000be81100000)]
  0x000001c6c0328810 JavaThread "C1 CompilerThread1" daemon [_thread_blocked, id=17252, stack(0x000000be81100000,0x000000be81200000)]
  0x000001c6b7684d90 JavaThread "Unconstrained build operations Thread 4" [_thread_blocked, id=22376, stack(0x000000be81300000,0x000000be81400000)]
  0x000001c6c0324da0 JavaThread "C1 CompilerThread2" daemon [_thread_blocked, id=4260, stack(0x000000be81200000,0x000000be81300000)]
  0x000001c6b76852a0 JavaThread "Unconstrained build operations Thread 5" [_thread_blocked, id=3664, stack(0x000000be81500000,0x000000be81600000)]
  0x000001c6c03252f0 JavaThread "C1 CompilerThread3" daemon [_thread_blocked, id=18280, stack(0x000000be81400000,0x000000be81500000)]
  0x000001c6b7689980 JavaThread "Unconstrained build operations Thread 6" [_thread_blocked, id=17156, stack(0x000000be81600000,0x000000be81700000)]
  0x000001c6b768a8b0 JavaThread "Unconstrained build operations Thread 7" [_thread_blocked, id=25968, stack(0x000000be81700000,0x000000be81800000)]
  0x000001c6b768e570 JavaThread "Unconstrained build operations Thread 8" [_thread_blocked, id=6256, stack(0x000000be81800000,0x000000be81900000)]
  0x000001c6b768b2d0 JavaThread "Unconstrained build operations Thread 9" [_thread_blocked, id=26116, stack(0x000000be81900000,0x000000be81a00000)]
  0x000001c6b768ea80 JavaThread "Unconstrained build operations Thread 10" [_thread_blocked, id=27400, stack(0x000000be81a00000,0x000000be81b00000)]
  0x000001c6b768bcf0 JavaThread "Unconstrained build operations Thread 11" [_thread_new, id=3044, stack(0x000000be81b00000,0x000000be81c00000)]
  0x000001c6b768f4a0 JavaThread "Unconstrained build operations Thread 12" [_thread_new, id=12608, stack(0x000000be81c00000,0x000000be81d00000)]

Other Threads:
  0x000001c6adcd4630 VMThread "VM Thread" [stack: 0x000000bef9a00000,0x000000bef9b00000] [id=15876]
  0x000001c691360f30 WatcherThread [stack: 0x000000befa900000,0x000000befaa00000] [id=2696]
  0x000001c6913bd130 GCTaskThread "GC Thread#0" [stack: 0x000000bef9500000,0x000000bef9600000] [id=24816]
  0x000001c6b3984a50 GCTaskThread "GC Thread#1" [stack: 0x000000befad00000,0x000000befae00000] [id=7156]
  0x000001c6b40e9910 GCTaskThread "GC Thread#2" [stack: 0x000000befae00000,0x000000befaf00000] [id=17292]
  0x000001c6b40e9bd0 GCTaskThread "GC Thread#3" [stack: 0x000000befaf00000,0x000000befb000000] [id=14772]
  0x000001c6b35707c0 GCTaskThread "GC Thread#4" [stack: 0x000000befb000000,0x000000befb100000] [id=20544]
  0x000001c6b3adbe90 GCTaskThread "GC Thread#5" [stack: 0x000000befb100000,0x000000befb200000] [id=26612]
  0x000001c6aea313f0 GCTaskThread "GC Thread#6" [stack: 0x000000befbb00000,0x000000befbc00000] [id=25100]
  0x000001c6aea316b0 GCTaskThread "GC Thread#7" [stack: 0x000000befbc00000,0x000000befbd00000] [id=27064]
  0x000001c6aea31ef0 GCTaskThread "GC Thread#8" [stack: 0x000000befbd00000,0x000000befbe00000] [id=26748]
  0x000001c6aea31970 GCTaskThread "GC Thread#9" [stack: 0x000000befbe00000,0x000000befbf00000] [id=23916]
  0x000001c6aea308f0 GCTaskThread "GC Thread#10" [stack: 0x000000befbf00000,0x000000befc000000] [id=15256]
  0x000001c6aea30e70 GCTaskThread "GC Thread#11" [stack: 0x000000befc000000,0x000000befc100000] [id=27376]
  0x000001c6aea31c30 GCTaskThread "GC Thread#12" [stack: 0x000000befc100000,0x000000befc200000] [id=18080]
  0x000001c6aacc2010 ConcurrentGCThread "G1 Main Marker" [stack: 0x000000bef9600000,0x000000bef9700000] [id=7764]
  0x000001c6aacc2940 ConcurrentGCThread "G1 Conc#0" [stack: 0x000000bef9700000,0x000000bef9800000] [id=17184]
  0x000001c6aea30630 ConcurrentGCThread "G1 Conc#1" [stack: 0x000000befc200000,0x000000befc300000] [id=23520]
  0x000001c6aea321b0 ConcurrentGCThread "G1 Conc#2" [stack: 0x000000befc300000,0x000000befc400000] [id=9472]
  0x000001c69140de80 ConcurrentGCThread "G1 Refine#0" [stack: 0x000000bef9800000,0x000000bef9900000] [id=9464]
  0x000001c6bea98fe0 ConcurrentGCThread "G1 Refine#1" [stack: 0x000000be82a00000,0x000000be82b00000] [id=18580]
  0x000001c6b885da60 ConcurrentGCThread "G1 Refine#2" [stack: 0x000000be82b00000,0x000000be82c00000] [id=6104]
  0x000001c6beb1ab50 ConcurrentGCThread "G1 Refine#3" [stack: 0x000000be82c00000,0x000000be82d00000] [id=9800]
  0x000001c6bea98710 ConcurrentGCThread "G1 Refine#4" [stack: 0x000000be82d00000,0x000000be82e00000] [id=13700]
  0x000001c6bfad4950 ConcurrentGCThread "G1 Refine#5" [stack: 0x000000be82e00000,0x000000be82f00000] [id=8048]
  0x000001c69140e6c0 ConcurrentGCThread "G1 Service" [stack: 0x000000bef9900000,0x000000bef9a00000] [id=24124]

Threads with active compile tasks:
C2 CompilerThread0   254768 17747   !   4       com.google.common.cache.LocalCache$Segment::lockedGetOrLoad (447 bytes)
C2 CompilerThread1   254768 17635   !   4       java.io.ObjectOutputStream::writeObject0 (620 bytes)
C2 CompilerThread2   254768 17566       4       org.gradle.internal.operations.DefaultBuildOperationRunner$2::execute (12 bytes)

VM state: not at safepoint (normal execution)

VM Mutex/Monitor currently owned by a thread:  ([mutex/lock_event])
[0x000001c69114e880] Threads_lock - owner thread: 0x000001c6b7682510

Heap address: 0x0000000080000000, size: 2048 MB, Compressed Oops mode: 32-bit

CDS archive(s) not mapped
Compressed class space mapped at: 0x0000000100000000-0x0000000140000000, reserved size: 1073741824
Narrow klass base: 0x0000000000000000, Narrow klass shift: 3, Narrow klass range: 0x140000000

GC Precious Log:
 CPUs: 16 total, 16 available
 Memory: 16108M
 Large Page Support: Disabled
 NUMA Support: Disabled
 Compressed Oops: Enabled (32-bit)
 Heap Region Size: 1M
 Heap Min Capacity: 8M
 Heap Initial Capacity: 252M
 Heap Max Capacity: 2G
 Pre-touch: Disabled
 Parallel Workers: 13
 Concurrent Workers: 3
 Concurrent Refinement Workers: 13
 Periodic GC: Disabled

Heap:
 garbage-first heap   total 295936K, used 227283K [0x0000000080000000, 0x0000000100000000)
  region size 1024K, 54 young (55296K), 10 survivors (10240K)
 Metaspace       used 117415K, committed 118272K, reserved 1179648K
  class space    used 15771K, committed 16192K, reserved 1048576K

Heap Regions: E=young(eden), S=young(survivor), O=old, HS=humongous(starts), HC=humongous(continues), CS=collection set, F=free, OA=open archive, CA=closed archive, TAMS=top-at-mark-start (previous, next)
|   0|0x0000000080000000, 0x0000000080100000, 0x0000000080100000|100%|HS|  |TAMS 0x0000000080100000, 0x0000000080000000| Complete 
|   1|0x0000000080100000, 0x0000000080200000, 0x0000000080200000|100%|HC|  |TAMS 0x0000000080200000, 0x0000000080100000| Complete 
|   2|0x0000000080200000, 0x0000000080300000, 0x0000000080300000|100%|HC|  |TAMS 0x0000000080300000, 0x0000000080200000| Complete 
|   3|0x0000000080300000, 0x0000000080400000, 0x0000000080400000|100%|HC|  |TAMS 0x0000000080400000, 0x0000000080300000| Complete 
|   4|0x0000000080400000, 0x0000000080500000, 0x0000000080500000|100%| O|  |TAMS 0x0000000080500000, 0x0000000080400000| Untracked 
|   5|0x0000000080500000, 0x0000000080600000, 0x0000000080600000|100%| O|  |TAMS 0x0000000080600000, 0x0000000080500000| Untracked 
|   6|0x0000000080600000, 0x0000000080700000, 0x0000000080700000|100%| O|  |TAMS 0x0000000080700000, 0x0000000080600000| Untracked 
|   7|0x0000000080700000, 0x0000000080800000, 0x0000000080800000|100%| O|  |TAMS 0x0000000080800000, 0x0000000080700000| Untracked 
|   8|0x0000000080800000, 0x0000000080900000, 0x0000000080900000|100%| O|  |TAMS 0x0000000080900000, 0x0000000080800000| Untracked 
|   9|0x0000000080900000, 0x0000000080a00000, 0x0000000080a00000|100%| O|  |TAMS 0x0000000080a00000, 0x0000000080900000| Untracked 
|  10|0x0000000080a00000, 0x0000000080b00000, 0x0000000080b00000|100%| O|  |TAMS 0x0000000080b00000, 0x0000000080a00000| Untracked 
|  11|0x0000000080b00000, 0x0000000080c00000, 0x0000000080c00000|100%| O|  |TAMS 0x0000000080c00000, 0x0000000080b00000| Untracked 
|  12|0x0000000080c00000, 0x0000000080d00000, 0x0000000080d00000|100%| O|  |TAMS 0x0000000080d00000, 0x0000000080c00000| Untracked 
|  13|0x0000000080d00000, 0x0000000080e00000, 0x0000000080e00000|100%| O|  |TAMS 0x0000000080e00000, 0x0000000080d00000| Untracked 
|  14|0x0000000080e00000, 0x0000000080f00000, 0x0000000080f00000|100%| O|  |TAMS 0x0000000080f00000, 0x0000000080e00000| Untracked 
|  15|0x0000000080f00000, 0x0000000081000000, 0x0000000081000000|100%| O|  |TAMS 0x0000000081000000, 0x0000000080f00000| Untracked 
|  16|0x0000000081000000, 0x0000000081100000, 0x0000000081100000|100%| O|  |TAMS 0x0000000081100000, 0x0000000081000000| Untracked 
|  17|0x0000000081100000, 0x0000000081200000, 0x0000000081200000|100%| O|  |TAMS 0x0000000081200000, 0x0000000081100000| Untracked 
|  18|0x0000000081200000, 0x0000000081300000, 0x0000000081300000|100%| O|  |TAMS 0x0000000081300000, 0x0000000081200000| Untracked 
|  19|0x0000000081300000, 0x0000000081400000, 0x0000000081400000|100%| O|  |TAMS 0x0000000081400000, 0x0000000081300000| Untracked 
|  20|0x0000000081400000, 0x0000000081500000, 0x0000000081500000|100%| O|  |TAMS 0x0000000081500000, 0x0000000081400000| Untracked 
|  21|0x0000000081500000, 0x0000000081600000, 0x0000000081600000|100%| O|  |TAMS 0x0000000081600000, 0x0000000081500000| Untracked 
|  22|0x0000000081600000, 0x0000000081700000, 0x0000000081700000|100%| O|  |TAMS 0x0000000081700000, 0x0000000081600000| Untracked 
|  23|0x0000000081700000, 0x0000000081800000, 0x0000000081800000|100%| O|  |TAMS 0x0000000081800000, 0x0000000081700000| Untracked 
|  24|0x0000000081800000, 0x0000000081900000, 0x0000000081900000|100%| O|  |TAMS 0x0000000081900000, 0x0000000081800000| Untracked 
|  25|0x0000000081900000, 0x0000000081a00000, 0x0000000081a00000|100%| O|  |TAMS 0x0000000081a00000, 0x0000000081900000| Untracked 
|  26|0x0000000081a00000, 0x0000000081b00000, 0x0000000081b00000|100%| O|  |TAMS 0x0000000081b00000, 0x0000000081a00000| Untracked 
|  27|0x0000000081b00000, 0x0000000081c00000, 0x0000000081c00000|100%| O|  |TAMS 0x0000000081c00000, 0x0000000081b00000| Untracked 
|  28|0x0000000081c00000, 0x0000000081d00000, 0x0000000081d00000|100%| O|  |TAMS 0x0000000081d00000, 0x0000000081c00000| Untracked 
|  29|0x0000000081d00000, 0x0000000081e00000, 0x0000000081e00000|100%|HS|  |TAMS 0x0000000081e00000, 0x0000000081d00000| Complete 
|  30|0x0000000081e00000, 0x0000000081f00000, 0x0000000081f00000|100%|HS|  |TAMS 0x0000000081f00000, 0x0000000081e00000| Complete 
|  31|0x0000000081f00000, 0x0000000082000000, 0x0000000082000000|100%|HC|  |TAMS 0x0000000082000000, 0x0000000081f00000| Complete 
|  32|0x0000000082000000, 0x0000000082100000, 0x0000000082100000|100%|HS|  |TAMS 0x0000000082100000, 0x0000000082000000| Complete 
|  33|0x0000000082100000, 0x0000000082200000, 0x0000000082200000|100%|HS|  |TAMS 0x0000000082200000, 0x0000000082100000| Complete 
|  34|0x0000000082200000, 0x0000000082300000, 0x0000000082300000|100%|HC|  |TAMS 0x0000000082300000, 0x0000000082200000| Complete 
|  35|0x0000000082300000, 0x0000000082400000, 0x0000000082400000|100%| O|  |TAMS 0x0000000082400000, 0x0000000082300000| Untracked 
|  36|0x0000000082400000, 0x0000000082500000, 0x0000000082500000|100%| O|  |TAMS 0x0000000082500000, 0x0000000082400000| Untracked 
|  37|0x0000000082500000, 0x0000000082600000, 0x0000000082600000|100%| O|  |TAMS 0x0000000082600000, 0x0000000082500000| Untracked 
|  38|0x0000000082600000, 0x0000000082700000, 0x0000000082700000|100%| O|  |TAMS 0x0000000082700000, 0x0000000082600000| Untracked 
|  39|0x0000000082700000, 0x0000000082800000, 0x0000000082800000|100%| O|  |TAMS 0x0000000082800000, 0x0000000082700000| Untracked 
|  40|0x0000000082800000, 0x0000000082900000, 0x0000000082900000|100%| O|  |TAMS 0x0000000082900000, 0x0000000082800000| Untracked 
|  41|0x0000000082900000, 0x0000000082a00000, 0x0000000082a00000|100%| O|  |TAMS 0x0000000082a00000, 0x0000000082900000| Untracked 
|  42|0x0000000082a00000, 0x0000000082b00000, 0x0000000082b00000|100%|HS|  |TAMS 0x0000000082b00000, 0x0000000082a00000| Complete 
|  43|0x0000000082b00000, 0x0000000082c00000, 0x0000000082c00000|100%|HS|  |TAMS 0x0000000082c00000, 0x0000000082b00000| Complete 
|  44|0x0000000082c00000, 0x0000000082d00000, 0x0000000082d00000|100%|HC|  |TAMS 0x0000000082d00000, 0x0000000082c00000| Complete 
|  45|0x0000000082d00000, 0x0000000082e00000, 0x0000000082e00000|100%|HC|  |TAMS 0x0000000082e00000, 0x0000000082d00000| Complete 
|  46|0x0000000082e00000, 0x0000000082f00000, 0x0000000082f00000|100%|HC|  |TAMS 0x0000000082f00000, 0x0000000082e00000| Complete 
|  47|0x0000000082f00000, 0x0000000083000000, 0x0000000083000000|100%|HS|  |TAMS 0x0000000083000000, 0x0000000082f00000| Complete 
|  48|0x0000000083000000, 0x0000000083100000, 0x0000000083100000|100%| O|  |TAMS 0x0000000083100000, 0x0000000083000000| Untracked 
|  49|0x0000000083100000, 0x0000000083200000, 0x0000000083200000|100%| O|  |TAMS 0x0000000083200000, 0x0000000083100000| Untracked 
|  50|0x0000000083200000, 0x0000000083300000, 0x0000000083300000|100%| O|  |TAMS 0x0000000083300000, 0x0000000083200000| Untracked 
|  51|0x0000000083300000, 0x0000000083400000, 0x0000000083400000|100%| O|  |TAMS 0x0000000083400000, 0x0000000083300000| Untracked 
|  52|0x0000000083400000, 0x0000000083500000, 0x0000000083500000|100%|HS|  |TAMS 0x0000000083500000, 0x0000000083400000| Complete 
|  53|0x0000000083500000, 0x0000000083600000, 0x0000000083600000|100%| O|  |TAMS 0x0000000083600000, 0x0000000083500000| Untracked 
|  54|0x0000000083600000, 0x0000000083700000, 0x0000000083700000|100%| O|  |TAMS 0x0000000083700000, 0x0000000083600000| Untracked 
|  55|0x0000000083700000, 0x0000000083800000, 0x0000000083800000|100%| O|  |TAMS 0x0000000083800000, 0x0000000083700000| Untracked 
|  56|0x0000000083800000, 0x0000000083900000, 0x0000000083900000|100%| O|  |TAMS 0x0000000083900000, 0x0000000083800000| Untracked 
|  57|0x0000000083900000, 0x0000000083a00000, 0x0000000083a00000|100%| O|  |TAMS 0x0000000083a00000, 0x0000000083900000| Untracked 
|  58|0x0000000083a00000, 0x0000000083b00000, 0x0000000083b00000|100%| O|  |TAMS 0x0000000083b00000, 0x0000000083a00000| Untracked 
|  59|0x0000000083b00000, 0x0000000083c00000, 0x0000000083c00000|100%| O|  |TAMS 0x0000000083c00000, 0x0000000083b00000| Untracked 
|  60|0x0000000083c00000, 0x0000000083d00000, 0x0000000083d00000|100%| O|  |TAMS 0x0000000083c00000, 0x0000000083c00000| Untracked 
|  61|0x0000000083d00000, 0x0000000083e00000, 0x0000000083e00000|100%| O|  |TAMS 0x0000000083e00000, 0x0000000083d00000| Untracked 
|  62|0x0000000083e00000, 0x0000000083f00000, 0x0000000083f00000|100%| O|  |TAMS 0x0000000083f00000, 0x0000000083e00000| Untracked 
|  63|0x0000000083f00000, 0x0000000084000000, 0x0000000084000000|100%|HS|  |TAMS 0x0000000084000000, 0x0000000083f00000| Complete 
|  64|0x0000000084000000, 0x0000000084100000, 0x0000000084100000|100%| O|  |TAMS 0x0000000084100000, 0x0000000084000000| Untracked 
|  65|0x0000000084100000, 0x0000000084200000, 0x0000000084200000|100%| O|  |TAMS 0x0000000084200000, 0x0000000084100000| Untracked 
|  66|0x0000000084200000, 0x0000000084300000, 0x0000000084300000|100%| O|  |TAMS 0x0000000084300000, 0x0000000084200000| Untracked 
|  67|0x0000000084300000, 0x0000000084400000, 0x0000000084400000|100%| O|  |TAMS 0x0000000084400000, 0x0000000084300000| Untracked 
|  68|0x0000000084400000, 0x0000000084500000, 0x0000000084500000|100%| O|  |TAMS 0x0000000084500000, 0x0000000084400000| Untracked 
|  69|0x0000000084500000, 0x0000000084600000, 0x0000000084600000|100%| O|  |TAMS 0x0000000084600000, 0x0000000084500000| Untracked 
|  70|0x0000000084600000, 0x0000000084700000, 0x0000000084700000|100%| O|  |TAMS 0x0000000084700000, 0x0000000084600000| Untracked 
|  71|0x0000000084700000, 0x0000000084800000, 0x0000000084800000|100%|HS|  |TAMS 0x0000000084800000, 0x0000000084700000| Complete 
|  72|0x0000000084800000, 0x0000000084900000, 0x0000000084900000|100%| O|  |TAMS 0x0000000084900000, 0x0000000084800000| Untracked 
|  73|0x0000000084900000, 0x0000000084a00000, 0x0000000084a00000|100%| O|  |TAMS 0x0000000084a00000, 0x0000000084900000| Untracked 
|  74|0x0000000084a00000, 0x0000000084b00000, 0x0000000084b00000|100%| O|  |TAMS 0x0000000084b00000, 0x0000000084a00000| Untracked 
|  75|0x0000000084b00000, 0x0000000084c00000, 0x0000000084c00000|100%|HS|  |TAMS 0x0000000084c00000, 0x0000000084b00000| Complete 
|  76|0x0000000084c00000, 0x0000000084d00000, 0x0000000084d00000|100%|HC|  |TAMS 0x0000000084d00000, 0x0000000084c00000| Complete 
|  77|0x0000000084d00000, 0x0000000084e00000, 0x0000000084e00000|100%|HC|  |TAMS 0x0000000084e00000, 0x0000000084d00000| Complete 
|  78|0x0000000084e00000, 0x0000000084f00000, 0x0000000084f00000|100%|HC|  |TAMS 0x0000000084f00000, 0x0000000084e00000| Complete 
|  79|0x0000000084f00000, 0x0000000085000000, 0x0000000085000000|100%| O|  |TAMS 0x0000000085000000, 0x0000000084f00000| Untracked 
|  80|0x0000000085000000, 0x0000000085100000, 0x0000000085100000|100%| O|  |TAMS 0x0000000085100000, 0x0000000085000000| Untracked 
|  81|0x0000000085100000, 0x0000000085200000, 0x0000000085200000|100%| O|  |TAMS 0x0000000085200000, 0x0000000085100000| Untracked 
|  82|0x0000000085200000, 0x0000000085300000, 0x0000000085300000|100%| O|  |TAMS 0x0000000085300000, 0x0000000085200000| Untracked 
|  83|0x0000000085300000, 0x0000000085400000, 0x0000000085400000|100%| O|  |TAMS 0x0000000085400000, 0x0000000085300000| Untracked 
|  84|0x0000000085400000, 0x0000000085500000, 0x0000000085500000|100%| O|  |TAMS 0x0000000085500000, 0x0000000085400000| Untracked 
|  85|0x0000000085500000, 0x0000000085600000, 0x0000000085600000|100%| O|  |TAMS 0x0000000085600000, 0x0000000085500000| Untracked 
|  86|0x0000000085600000, 0x0000000085700000, 0x0000000085700000|100%| O|  |TAMS 0x0000000085700000, 0x0000000085600000| Untracked 
|  87|0x0000000085700000, 0x0000000085800000, 0x0000000085800000|100%| O|  |TAMS 0x0000000085800000, 0x0000000085700000| Untracked 
|  88|0x0000000085800000, 0x0000000085900000, 0x0000000085900000|100%| O|  |TAMS 0x0000000085900000, 0x0000000085800000| Untracked 
|  89|0x0000000085900000, 0x0000000085a00000, 0x0000000085a00000|100%| O|  |TAMS 0x0000000085a00000, 0x0000000085900000| Untracked 
|  90|0x0000000085a00000, 0x0000000085b00000, 0x0000000085b00000|100%| O|  |TAMS 0x0000000085b00000, 0x0000000085a00000| Untracked 
|  91|0x0000000085b00000, 0x0000000085c00000, 0x0000000085c00000|100%| O|  |TAMS 0x0000000085c00000, 0x0000000085b00000| Untracked 
|  92|0x0000000085c00000, 0x0000000085d00000, 0x0000000085d00000|100%| O|  |TAMS 0x0000000085d00000, 0x0000000085c00000| Untracked 
|  93|0x0000000085d00000, 0x0000000085e00000, 0x0000000085e00000|100%| O|  |TAMS 0x0000000085e00000, 0x0000000085d00000| Untracked 
|  94|0x0000000085e00000, 0x0000000085f00000, 0x0000000085f00000|100%| O|  |TAMS 0x0000000085f00000, 0x0000000085e00000| Untracked 
|  95|0x0000000085f00000, 0x0000000086000000, 0x0000000086000000|100%| O|  |TAMS 0x0000000086000000, 0x0000000085f00000| Untracked 
|  96|0x0000000086000000, 0x0000000086100000, 0x0000000086100000|100%| O|  |TAMS 0x0000000086100000, 0x0000000086000000| Untracked 
|  97|0x0000000086100000, 0x0000000086200000, 0x0000000086200000|100%| O|  |TAMS 0x0000000086200000, 0x0000000086100000| Untracked 
|  98|0x0000000086200000, 0x0000000086300000, 0x0000000086300000|100%| O|  |TAMS 0x0000000086300000, 0x0000000086200000| Untracked 
|  99|0x0000000086300000, 0x0000000086400000, 0x0000000086400000|100%| O|  |TAMS 0x0000000086400000, 0x0000000086300000| Untracked 
| 100|0x0000000086400000, 0x0000000086500000, 0x0000000086500000|100%| O|  |TAMS 0x0000000086500000, 0x0000000086400000| Untracked 
| 101|0x0000000086500000, 0x0000000086600000, 0x0000000086600000|100%| O|  |TAMS 0x0000000086500000, 0x0000000086500000| Untracked 
| 102|0x0000000086600000, 0x0000000086700000, 0x0000000086700000|100%| O|  |TAMS 0x0000000086600000, 0x0000000086600000| Untracked 
| 103|0x0000000086700000, 0x0000000086800000, 0x0000000086800000|100%| O|  |TAMS 0x0000000086700000, 0x0000000086700000| Untracked 
| 104|0x0000000086800000, 0x0000000086900000, 0x0000000086900000|100%| O|  |TAMS 0x0000000086800000, 0x0000000086800000| Untracked 
| 105|0x0000000086900000, 0x0000000086a00000, 0x0000000086a00000|100%| O|  |TAMS 0x0000000086900000, 0x0000000086900000| Untracked 
| 106|0x0000000086a00000, 0x0000000086b00000, 0x0000000086b00000|100%| O|  |TAMS 0x0000000086a00000, 0x0000000086a00000| Untracked 
| 107|0x0000000086b00000, 0x0000000086c00000, 0x0000000086c00000|100%| O|  |TAMS 0x0000000086b00000, 0x0000000086b00000| Untracked 
| 108|0x0000000086c00000, 0x0000000086d00000, 0x0000000086d00000|100%| O|  |TAMS 0x0000000086c00000, 0x0000000086c00000| Untracked 
| 109|0x0000000086d00000, 0x0000000086e00000, 0x0000000086e00000|100%| O|  |TAMS 0x0000000086e00000, 0x0000000086d00000| Untracked 
| 110|0x0000000086e00000, 0x0000000086f00000, 0x0000000086f00000|100%| O|  |TAMS 0x0000000086f00000, 0x0000000086e00000| Untracked 
| 111|0x0000000086f00000, 0x0000000087000000, 0x0000000087000000|100%| O|  |TAMS 0x0000000087000000, 0x0000000086f00000| Untracked 
| 112|0x0000000087000000, 0x0000000087100000, 0x0000000087100000|100%| O|  |TAMS 0x0000000087100000, 0x0000000087000000| Untracked 
| 113|0x0000000087100000, 0x0000000087200000, 0x0000000087200000|100%| O|  |TAMS 0x0000000087200000, 0x0000000087100000| Untracked 
| 114|0x0000000087200000, 0x0000000087300000, 0x0000000087300000|100%| O|  |TAMS 0x0000000087300000, 0x0000000087200000| Untracked 
| 115|0x0000000087300000, 0x0000000087400000, 0x0000000087400000|100%| O|  |TAMS 0x0000000087400000, 0x0000000087300000| Untracked 
| 116|0x0000000087400000, 0x0000000087500000, 0x0000000087500000|100%| O|  |TAMS 0x0000000087500000, 0x0000000087400000| Untracked 
| 117|0x0000000087500000, 0x0000000087600000, 0x0000000087600000|100%| O|  |TAMS 0x0000000087600000, 0x0000000087500000| Untracked 
| 118|0x0000000087600000, 0x0000000087700000, 0x0000000087700000|100%| O|  |TAMS 0x0000000087700000, 0x0000000087600000| Untracked 
| 119|0x0000000087700000, 0x0000000087800000, 0x0000000087800000|100%| O|  |TAMS 0x0000000087800000, 0x0000000087700000| Untracked 
| 120|0x0000000087800000, 0x0000000087900000, 0x0000000087900000|100%| O|  |TAMS 0x0000000087900000, 0x0000000087800000| Untracked 
| 121|0x0000000087900000, 0x0000000087a00000, 0x0000000087a00000|100%| O|  |TAMS 0x0000000087a00000, 0x0000000087900000| Untracked 
| 122|0x0000000087a00000, 0x0000000087b00000, 0x0000000087b00000|100%| O|  |TAMS 0x0000000087b00000, 0x0000000087a00000| Untracked 
| 123|0x0000000087b00000, 0x0000000087c00000, 0x0000000087c00000|100%| O|  |TAMS 0x0000000087b00000, 0x0000000087b00000| Untracked 
| 124|0x0000000087c00000, 0x0000000087d00000, 0x0000000087d00000|100%| O|  |TAMS 0x0000000087c00000, 0x0000000087c00000| Untracked 
| 125|0x0000000087d00000, 0x0000000087e00000, 0x0000000087e00000|100%| O|  |TAMS 0x0000000087d00000, 0x0000000087d00000| Untracked 
| 126|0x0000000087e00000, 0x0000000087f00000, 0x0000000087f00000|100%| O|  |TAMS 0x0000000087e00000, 0x0000000087e00000| Untracked 
| 127|0x0000000087f00000, 0x0000000088000000, 0x0000000088000000|100%| O|  |TAMS 0x0000000087f00000, 0x0000000087f00000| Untracked 
| 128|0x0000000088000000, 0x0000000088100000, 0x0000000088100000|100%| O|  |TAMS 0x0000000088000000, 0x0000000088000000| Untracked 
| 129|0x0000000088100000, 0x0000000088200000, 0x0000000088200000|100%| O|  |TAMS 0x0000000088100000, 0x0000000088100000| Untracked 
| 130|0x0000000088200000, 0x0000000088300000, 0x0000000088300000|100%| O|  |TAMS 0x0000000088200000, 0x0000000088200000| Untracked 
| 131|0x0000000088300000, 0x0000000088400000, 0x0000000088400000|100%| O|  |TAMS 0x0000000088300000, 0x0000000088300000| Untracked 
| 132|0x0000000088400000, 0x0000000088500000, 0x0000000088500000|100%| O|  |TAMS 0x0000000088400000, 0x0000000088400000| Untracked 
| 133|0x0000000088500000, 0x0000000088600000, 0x0000000088600000|100%| O|  |TAMS 0x0000000088500000, 0x0000000088500000| Untracked 
| 134|0x0000000088600000, 0x0000000088700000, 0x0000000088700000|100%| O|  |TAMS 0x0000000088600000, 0x0000000088600000| Untracked 
| 135|0x0000000088700000, 0x0000000088800000, 0x0000000088800000|100%| O|  |TAMS 0x0000000088700000, 0x0000000088700000| Untracked 
| 136|0x0000000088800000, 0x0000000088900000, 0x0000000088900000|100%| O|  |TAMS 0x0000000088800000, 0x0000000088800000| Untracked 
| 137|0x0000000088900000, 0x0000000088a00000, 0x0000000088a00000|100%| O|  |TAMS 0x0000000088900000, 0x0000000088900000| Untracked 
| 138|0x0000000088a00000, 0x0000000088b00000, 0x0000000088b00000|100%| O|  |TAMS 0x0000000088a00000, 0x0000000088a00000| Untracked 
| 139|0x0000000088b00000, 0x0000000088c00000, 0x0000000088c00000|100%| O|  |TAMS 0x0000000088b00000, 0x0000000088b00000| Untracked 
| 140|0x0000000088c00000, 0x0000000088c07e00, 0x0000000088d00000|  3%| O|  |TAMS 0x0000000088c00000, 0x0000000088c00000| Untracked 
| 141|0x0000000088d00000, 0x0000000088e00000, 0x0000000088e00000|100%|HS|  |TAMS 0x0000000088d00000, 0x0000000088d00000| Complete 
| 142|0x0000000088e00000, 0x0000000088f00000, 0x0000000088f00000|100%|HC|  |TAMS 0x0000000088e00000, 0x0000000088e00000| Complete 
| 143|0x0000000088f00000, 0x0000000089000000, 0x0000000089000000|100%|HS|  |TAMS 0x0000000088f00000, 0x0000000088f00000| Complete 
| 144|0x0000000089000000, 0x0000000089100000, 0x0000000089100000|100%|HC|  |TAMS 0x0000000089000000, 0x0000000089000000| Complete 
| 145|0x0000000089100000, 0x0000000089200000, 0x0000000089200000|100%|HS|  |TAMS 0x0000000089100000, 0x0000000089100000| Complete 
| 146|0x0000000089200000, 0x0000000089300000, 0x0000000089300000|100%|HC|  |TAMS 0x0000000089200000, 0x0000000089200000| Complete 
| 147|0x0000000089300000, 0x0000000089400000, 0x0000000089400000|100%|HS|  |TAMS 0x0000000089300000, 0x0000000089300000| Complete 
| 148|0x0000000089400000, 0x0000000089500000, 0x0000000089500000|100%|HC|  |TAMS 0x0000000089400000, 0x0000000089400000| Complete 
| 149|0x0000000089500000, 0x0000000089600000, 0x0000000089600000|100%|HS|  |TAMS 0x0000000089500000, 0x0000000089500000| Complete 
| 150|0x0000000089600000, 0x0000000089700000, 0x0000000089700000|100%|HC|  |TAMS 0x0000000089600000, 0x0000000089600000| Complete 
| 151|0x0000000089700000, 0x0000000089800000, 0x0000000089800000|100%|HS|  |TAMS 0x0000000089700000, 0x0000000089700000| Complete 
| 152|0x0000000089800000, 0x0000000089900000, 0x0000000089900000|100%|HC|  |TAMS 0x0000000089800000, 0x0000000089800000| Complete 
| 153|0x0000000089900000, 0x0000000089a00000, 0x0000000089a00000|100%|HS|  |TAMS 0x0000000089900000, 0x0000000089900000| Complete 
| 154|0x0000000089a00000, 0x0000000089b00000, 0x0000000089b00000|100%|HC|  |TAMS 0x0000000089a00000, 0x0000000089a00000| Complete 
| 155|0x0000000089b00000, 0x0000000089c00000, 0x0000000089c00000|100%|HS|  |TAMS 0x0000000089b00000, 0x0000000089b00000| Complete 
| 156|0x0000000089c00000, 0x0000000089d00000, 0x0000000089d00000|100%|HC|  |TAMS 0x0000000089c00000, 0x0000000089c00000| Complete 
| 157|0x0000000089d00000, 0x0000000089e00000, 0x0000000089e00000|100%|HS|  |TAMS 0x0000000089d00000, 0x0000000089d00000| Complete 
| 158|0x0000000089e00000, 0x0000000089f00000, 0x0000000089f00000|100%|HC|  |TAMS 0x0000000089e00000, 0x0000000089e00000| Complete 
| 159|0x0000000089f00000, 0x000000008a000000, 0x000000008a000000|100%|HS|  |TAMS 0x0000000089f00000, 0x0000000089f00000| Complete 
| 160|0x000000008a000000, 0x000000008a100000, 0x000000008a100000|100%|HC|  |TAMS 0x000000008a000000, 0x000000008a000000| Complete 
| 161|0x000000008a100000, 0x000000008a200000, 0x000000008a200000|100%|HS|  |TAMS 0x000000008a100000, 0x000000008a100000| Complete 
| 162|0x000000008a200000, 0x000000008a300000, 0x000000008a300000|100%|HC|  |TAMS 0x000000008a200000, 0x000000008a200000| Complete 
| 163|0x000000008a300000, 0x000000008a400000, 0x000000008a400000|100%|HS|  |TAMS 0x000000008a300000, 0x000000008a300000| Complete 
| 164|0x000000008a400000, 0x000000008a500000, 0x000000008a500000|100%|HC|  |TAMS 0x000000008a400000, 0x000000008a400000| Complete 
| 165|0x000000008a500000, 0x000000008a600000, 0x000000008a600000|100%|HS|  |TAMS 0x000000008a500000, 0x000000008a500000| Complete 
| 166|0x000000008a600000, 0x000000008a700000, 0x000000008a700000|100%|HC|  |TAMS 0x000000008a600000, 0x000000008a600000| Complete 
| 167|0x000000008a700000, 0x000000008a800000, 0x000000008a800000|100%|HS|  |TAMS 0x000000008a700000, 0x000000008a700000| Complete 
| 168|0x000000008a800000, 0x000000008a900000, 0x000000008a900000|100%|HC|  |TAMS 0x000000008a800000, 0x000000008a800000| Complete 
| 169|0x000000008a900000, 0x000000008aa00000, 0x000000008aa00000|100%|HS|  |TAMS 0x000000008a900000, 0x000000008a900000| Complete 
| 170|0x000000008aa00000, 0x000000008aa00000, 0x000000008ab00000|  0%| F|  |TAMS 0x000000008aa00000, 0x000000008aa00000| Untracked 
| 171|0x000000008ab00000, 0x000000008ab00000, 0x000000008ac00000|  0%| F|  |TAMS 0x000000008ab00000, 0x000000008ab00000| Untracked 
| 172|0x000000008ac00000, 0x000000008ac00000, 0x000000008ad00000|  0%| F|  |TAMS 0x000000008ac00000, 0x000000008ac00000| Untracked 
| 173|0x000000008ad00000, 0x000000008ad00000, 0x000000008ae00000|  0%| F|  |TAMS 0x000000008ad00000, 0x000000008ad00000| Untracked 
| 174|0x000000008ae00000, 0x000000008ae00000, 0x000000008af00000|  0%| F|  |TAMS 0x000000008ae00000, 0x000000008ae00000| Untracked 
| 175|0x000000008af00000, 0x000000008af00000, 0x000000008b000000|  0%| F|  |TAMS 0x000000008af00000, 0x000000008af00000| Untracked 
| 176|0x000000008b000000, 0x000000008b000000, 0x000000008b100000|  0%| F|  |TAMS 0x000000008b000000, 0x000000008b000000| Untracked 
| 177|0x000000008b100000, 0x000000008b100000, 0x000000008b200000|  0%| F|  |TAMS 0x000000008b100000, 0x000000008b100000| Untracked 
| 178|0x000000008b200000, 0x000000008b200000, 0x000000008b300000|  0%| F|  |TAMS 0x000000008b200000, 0x000000008b200000| Untracked 
| 179|0x000000008b300000, 0x000000008b300000, 0x000000008b400000|  0%| F|  |TAMS 0x000000008b300000, 0x000000008b300000| Untracked 
| 180|0x000000008b400000, 0x000000008b400000, 0x000000008b500000|  0%| F|  |TAMS 0x000000008b400000, 0x000000008b400000| Untracked 
| 181|0x000000008b500000, 0x000000008b500000, 0x000000008b600000|  0%| F|  |TAMS 0x000000008b500000, 0x000000008b500000| Untracked 
| 182|0x000000008b600000, 0x000000008b600000, 0x000000008b700000|  0%| F|  |TAMS 0x000000008b600000, 0x000000008b600000| Untracked 
| 183|0x000000008b700000, 0x000000008b700000, 0x000000008b800000|  0%| F|  |TAMS 0x000000008b700000, 0x000000008b700000| Untracked 
| 184|0x000000008b800000, 0x000000008b800000, 0x000000008b900000|  0%| F|  |TAMS 0x000000008b800000, 0x000000008b800000| Untracked 
| 185|0x000000008b900000, 0x000000008b9ece30, 0x000000008ba00000| 92%| S|CS|TAMS 0x000000008b900000, 0x000000008b900000| Complete 
| 186|0x000000008ba00000, 0x000000008bb00000, 0x000000008bb00000|100%| S|CS|TAMS 0x000000008ba00000, 0x000000008ba00000| Complete 
| 187|0x000000008bb00000, 0x000000008bc00000, 0x000000008bc00000|100%| S|CS|TAMS 0x000000008bb00000, 0x000000008bb00000| Complete 
| 188|0x000000008bc00000, 0x000000008bd00000, 0x000000008bd00000|100%| S|CS|TAMS 0x000000008bc00000, 0x000000008bc00000| Complete 
| 189|0x000000008bd00000, 0x000000008be00000, 0x000000008be00000|100%| S|CS|TAMS 0x000000008bd00000, 0x000000008bd00000| Complete 
| 190|0x000000008be00000, 0x000000008bf00000, 0x000000008bf00000|100%| S|CS|TAMS 0x000000008be00000, 0x000000008be00000| Complete 
| 191|0x000000008bf00000, 0x000000008c000000, 0x000000008c000000|100%| S|CS|TAMS 0x000000008bf00000, 0x000000008bf00000| Complete 
| 192|0x000000008c000000, 0x000000008c000000, 0x000000008c100000|  0%| F|  |TAMS 0x000000008c000000, 0x000000008c000000| Untracked 
| 193|0x000000008c100000, 0x000000008c100000, 0x000000008c200000|  0%| F|  |TAMS 0x000000008c100000, 0x000000008c100000| Untracked 
| 194|0x000000008c200000, 0x000000008c200000, 0x000000008c300000|  0%| F|  |TAMS 0x000000008c200000, 0x000000008c200000| Untracked 
| 195|0x000000008c300000, 0x000000008c300000, 0x000000008c400000|  0%| F|  |TAMS 0x000000008c300000, 0x000000008c300000| Untracked 
| 196|0x000000008c400000, 0x000000008c400000, 0x000000008c500000|  0%| F|  |TAMS 0x000000008c400000, 0x000000008c400000| Untracked 
| 197|0x000000008c500000, 0x000000008c500000, 0x000000008c600000|  0%| F|  |TAMS 0x000000008c500000, 0x000000008c500000| Untracked 
| 198|0x000000008c600000, 0x000000008c700000, 0x000000008c700000|100%| S|CS|TAMS 0x000000008c600000, 0x000000008c600000| Complete 
| 199|0x000000008c700000, 0x000000008c800000, 0x000000008c800000|100%| S|CS|TAMS 0x000000008c700000, 0x000000008c700000| Complete 
| 200|0x000000008c800000, 0x000000008c900000, 0x000000008c900000|100%| S|CS|TAMS 0x000000008c800000, 0x000000008c800000| Complete 
| 201|0x000000008c900000, 0x000000008c900000, 0x000000008ca00000|  0%| F|  |TAMS 0x000000008c900000, 0x000000008c900000| Untracked 
| 202|0x000000008ca00000, 0x000000008ca00000, 0x000000008cb00000|  0%| F|  |TAMS 0x000000008ca00000, 0x000000008ca00000| Untracked 
| 203|0x000000008cb00000, 0x000000008cb00000, 0x000000008cc00000|  0%| F|  |TAMS 0x000000008cb00000, 0x000000008cb00000| Untracked 
| 204|0x000000008cc00000, 0x000000008cc00000, 0x000000008cd00000|  0%| F|  |TAMS 0x000000008cc00000, 0x000000008cc00000| Untracked 
| 205|0x000000008cd00000, 0x000000008cd00000, 0x000000008ce00000|  0%| F|  |TAMS 0x000000008cd00000, 0x000000008cd00000| Untracked 
| 206|0x000000008ce00000, 0x000000008ce00000, 0x000000008cf00000|  0%| F|  |TAMS 0x000000008ce00000, 0x000000008ce00000| Untracked 
| 207|0x000000008cf00000, 0x000000008cf00000, 0x000000008d000000|  0%| F|  |TAMS 0x000000008cf00000, 0x000000008cf00000| Untracked 
| 208|0x000000008d000000, 0x000000008d000000, 0x000000008d100000|  0%| F|  |TAMS 0x000000008d000000, 0x000000008d000000| Untracked 
| 209|0x000000008d100000, 0x000000008d100000, 0x000000008d200000|  0%| F|  |TAMS 0x000000008d100000, 0x000000008d100000| Untracked 
| 210|0x000000008d200000, 0x000000008d200000, 0x000000008d300000|  0%| F|  |TAMS 0x000000008d200000, 0x000000008d200000| Untracked 
| 211|0x000000008d300000, 0x000000008d300000, 0x000000008d400000|  0%| F|  |TAMS 0x000000008d300000, 0x000000008d300000| Untracked 
| 212|0x000000008d400000, 0x000000008d400000, 0x000000008d500000|  0%| F|  |TAMS 0x000000008d400000, 0x000000008d400000| Untracked 
| 213|0x000000008d500000, 0x000000008d500000, 0x000000008d600000|  0%| F|  |TAMS 0x000000008d500000, 0x000000008d500000| Untracked 
| 214|0x000000008d600000, 0x000000008d600000, 0x000000008d700000|  0%| F|  |TAMS 0x000000008d600000, 0x000000008d600000| Untracked 
| 215|0x000000008d700000, 0x000000008d700000, 0x000000008d800000|  0%| F|  |TAMS 0x000000008d700000, 0x000000008d700000| Untracked 
| 216|0x000000008d800000, 0x000000008d800000, 0x000000008d900000|  0%| F|  |TAMS 0x000000008d800000, 0x000000008d800000| Untracked 
| 217|0x000000008d900000, 0x000000008d900000, 0x000000008da00000|  0%| F|  |TAMS 0x000000008d900000, 0x000000008d900000| Untracked 
| 218|0x000000008da00000, 0x000000008da00000, 0x000000008db00000|  0%| F|  |TAMS 0x000000008da00000, 0x000000008da00000| Untracked 
| 219|0x000000008db00000, 0x000000008db00000, 0x000000008dc00000|  0%| F|  |TAMS 0x000000008db00000, 0x000000008db00000| Untracked 
| 220|0x000000008dc00000, 0x000000008dc00000, 0x000000008dd00000|  0%| F|  |TAMS 0x000000008dc00000, 0x000000008dc00000| Untracked 
| 221|0x000000008dd00000, 0x000000008dd00000, 0x000000008de00000|  0%| F|  |TAMS 0x000000008dd00000, 0x000000008dd00000| Untracked 
| 222|0x000000008de00000, 0x000000008de00000, 0x000000008df00000|  0%| F|  |TAMS 0x000000008de00000, 0x000000008de00000| Untracked 
| 223|0x000000008df00000, 0x000000008df00000, 0x000000008e000000|  0%| F|  |TAMS 0x000000008df00000, 0x000000008df00000| Untracked 
| 224|0x000000008e000000, 0x000000008e000000, 0x000000008e100000|  0%| F|  |TAMS 0x000000008e000000, 0x000000008e000000| Untracked 
| 225|0x000000008e100000, 0x000000008e100000, 0x000000008e200000|  0%| F|  |TAMS 0x000000008e100000, 0x000000008e100000| Untracked 
| 226|0x000000008e200000, 0x000000008e200000, 0x000000008e300000|  0%| F|  |TAMS 0x000000008e200000, 0x000000008e200000| Untracked 
| 227|0x000000008e300000, 0x000000008e300000, 0x000000008e400000|  0%| F|  |TAMS 0x000000008e300000, 0x000000008e300000| Untracked 
| 228|0x000000008e400000, 0x000000008e400000, 0x000000008e500000|  0%| F|  |TAMS 0x000000008e400000, 0x000000008e400000| Untracked 
| 229|0x000000008e500000, 0x000000008e500000, 0x000000008e600000|  0%| F|  |TAMS 0x000000008e500000, 0x000000008e500000| Untracked 
| 230|0x000000008e600000, 0x000000008e600000, 0x000000008e700000|  0%| F|  |TAMS 0x000000008e600000, 0x000000008e600000| Untracked 
| 231|0x000000008e700000, 0x000000008e700000, 0x000000008e800000|  0%| F|  |TAMS 0x000000008e700000, 0x000000008e700000| Untracked 
| 232|0x000000008e800000, 0x000000008e800000, 0x000000008e900000|  0%| F|  |TAMS 0x000000008e800000, 0x000000008e800000| Untracked 
| 233|0x000000008e900000, 0x000000008e900000, 0x000000008ea00000|  0%| F|  |TAMS 0x000000008e900000, 0x000000008e900000| Untracked 
| 234|0x000000008ea00000, 0x000000008ea00000, 0x000000008eb00000|  0%| F|  |TAMS 0x000000008ea00000, 0x000000008ea00000| Untracked 
| 235|0x000000008eb00000, 0x000000008eb00000, 0x000000008ec00000|  0%| F|  |TAMS 0x000000008eb00000, 0x000000008eb00000| Untracked 
| 236|0x000000008ec00000, 0x000000008ec00000, 0x000000008ed00000|  0%| F|  |TAMS 0x000000008ec00000, 0x000000008ec00000| Untracked 
| 237|0x000000008ed00000, 0x000000008ed00000, 0x000000008ee00000|  0%| F|  |TAMS 0x000000008ed00000, 0x000000008ed00000| Untracked 
| 238|0x000000008ee00000, 0x000000008ee00000, 0x000000008ef00000|  0%| F|  |TAMS 0x000000008ee00000, 0x000000008ee00000| Untracked 
| 239|0x000000008ef00000, 0x000000008ef00000, 0x000000008f000000|  0%| F|  |TAMS 0x000000008ef00000, 0x000000008ef00000| Untracked 
| 240|0x000000008f000000, 0x000000008f000000, 0x000000008f100000|  0%| F|  |TAMS 0x000000008f000000, 0x000000008f000000| Untracked 
| 241|0x000000008f100000, 0x000000008f100000, 0x000000008f200000|  0%| F|  |TAMS 0x000000008f100000, 0x000000008f100000| Untracked 
| 242|0x000000008f200000, 0x000000008f200000, 0x000000008f300000|  0%| F|  |TAMS 0x000000008f200000, 0x000000008f200000| Untracked 
| 243|0x000000008f300000, 0x000000008f300000, 0x000000008f400000|  0%| F|  |TAMS 0x000000008f300000, 0x000000008f300000| Untracked 
| 244|0x000000008f400000, 0x000000008f411370, 0x000000008f500000|  6%| E|  |TAMS 0x000000008f400000, 0x000000008f400000| Complete 
| 245|0x000000008f500000, 0x000000008f600000, 0x000000008f600000|100%| E|CS|TAMS 0x000000008f500000, 0x000000008f500000| Complete 
| 246|0x000000008f600000, 0x000000008f700000, 0x000000008f700000|100%| E|CS|TAMS 0x000000008f600000, 0x000000008f600000| Complete 
| 247|0x000000008f700000, 0x000000008f800000, 0x000000008f800000|100%| E|CS|TAMS 0x000000008f700000, 0x000000008f700000| Complete 
| 248|0x000000008f800000, 0x000000008f900000, 0x000000008f900000|100%| E|CS|TAMS 0x000000008f800000, 0x000000008f800000| Complete 
| 249|0x000000008f900000, 0x000000008fa00000, 0x000000008fa00000|100%| E|CS|TAMS 0x000000008f900000, 0x000000008f900000| Complete 
| 250|0x000000008fa00000, 0x000000008fb00000, 0x000000008fb00000|100%| E|  |TAMS 0x000000008fa00000, 0x000000008fa00000| Complete 
| 251|0x000000008fb00000, 0x000000008fc00000, 0x000000008fc00000|100%| E|CS|TAMS 0x000000008fb00000, 0x000000008fb00000| Complete 
| 252|0x000000008fc00000, 0x000000008fd00000, 0x000000008fd00000|100%| E|CS|TAMS 0x000000008fc00000, 0x000000008fc00000| Complete 
| 253|0x000000008fd00000, 0x000000008fe00000, 0x000000008fe00000|100%| E|CS|TAMS 0x000000008fd00000, 0x000000008fd00000| Complete 
| 254|0x000000008fe00000, 0x000000008ff00000, 0x000000008ff00000|100%| E|CS|TAMS 0x000000008fe00000, 0x000000008fe00000| Complete 
| 255|0x000000008ff00000, 0x0000000090000000, 0x0000000090000000|100%| E|CS|TAMS 0x000000008ff00000, 0x000000008ff00000| Complete 
| 256|0x0000000090000000, 0x0000000090100000, 0x0000000090100000|100%| E|CS|TAMS 0x0000000090000000, 0x0000000090000000| Complete 
| 257|0x0000000090100000, 0x0000000090200000, 0x0000000090200000|100%| E|CS|TAMS 0x0000000090100000, 0x0000000090100000| Complete 
| 258|0x0000000090200000, 0x0000000090300000, 0x0000000090300000|100%| E|CS|TAMS 0x0000000090200000, 0x0000000090200000| Complete 
| 259|0x0000000090300000, 0x0000000090400000, 0x0000000090400000|100%| E|CS|TAMS 0x0000000090300000, 0x0000000090300000| Complete 
| 260|0x0000000090400000, 0x0000000090500000, 0x0000000090500000|100%| E|CS|TAMS 0x0000000090400000, 0x0000000090400000| Complete 
| 261|0x0000000090500000, 0x0000000090600000, 0x0000000090600000|100%| E|CS|TAMS 0x0000000090500000, 0x0000000090500000| Complete 
| 262|0x0000000090600000, 0x0000000090700000, 0x0000000090700000|100%| E|CS|TAMS 0x0000000090600000, 0x0000000090600000| Complete 
| 263|0x0000000090700000, 0x0000000090800000, 0x0000000090800000|100%| E|CS|TAMS 0x0000000090700000, 0x0000000090700000| Complete 
| 264|0x0000000090800000, 0x0000000090900000, 0x0000000090900000|100%| E|CS|TAMS 0x0000000090800000, 0x0000000090800000| Complete 
| 265|0x0000000090900000, 0x0000000090a00000, 0x0000000090a00000|100%| E|CS|TAMS 0x0000000090900000, 0x0000000090900000| Complete 
| 266|0x0000000090a00000, 0x0000000090b00000, 0x0000000090b00000|100%| E|CS|TAMS 0x0000000090a00000, 0x0000000090a00000| Complete 
| 267|0x0000000090b00000, 0x0000000090c00000, 0x0000000090c00000|100%| E|CS|TAMS 0x0000000090b00000, 0x0000000090b00000| Complete 
| 268|0x0000000090c00000, 0x0000000090d00000, 0x0000000090d00000|100%| E|CS|TAMS 0x0000000090c00000, 0x0000000090c00000| Complete 
| 269|0x0000000090d00000, 0x0000000090e00000, 0x0000000090e00000|100%| E|CS|TAMS 0x0000000090d00000, 0x0000000090d00000| Complete 
| 270|0x0000000090e00000, 0x0000000090f00000, 0x0000000090f00000|100%| E|CS|TAMS 0x0000000090e00000, 0x0000000090e00000| Complete 
| 271|0x0000000090f00000, 0x0000000091000000, 0x0000000091000000|100%| E|CS|TAMS 0x0000000090f00000, 0x0000000090f00000| Complete 
| 272|0x0000000091000000, 0x0000000091100000, 0x0000000091100000|100%| E|CS|TAMS 0x0000000091000000, 0x0000000091000000| Complete 
| 273|0x0000000091100000, 0x0000000091200000, 0x0000000091200000|100%| E|CS|TAMS 0x0000000091100000, 0x0000000091100000| Complete 
| 274|0x0000000091200000, 0x0000000091300000, 0x0000000091300000|100%| E|CS|TAMS 0x0000000091200000, 0x0000000091200000| Complete 
| 275|0x0000000091300000, 0x0000000091400000, 0x0000000091400000|100%| E|CS|TAMS 0x0000000091300000, 0x0000000091300000| Complete 
| 276|0x0000000091400000, 0x0000000091500000, 0x0000000091500000|100%| E|CS|TAMS 0x0000000091400000, 0x0000000091400000| Complete 
| 277|0x0000000091500000, 0x0000000091600000, 0x0000000091600000|100%| E|CS|TAMS 0x0000000091500000, 0x0000000091500000| Complete 
| 278|0x0000000091600000, 0x0000000091700000, 0x0000000091700000|100%| E|CS|TAMS 0x0000000091600000, 0x0000000091600000| Complete 
| 279|0x0000000091700000, 0x0000000091800000, 0x0000000091800000|100%| E|CS|TAMS 0x0000000091700000, 0x0000000091700000| Complete 
| 280|0x0000000091800000, 0x0000000091900000, 0x0000000091900000|100%| E|CS|TAMS 0x0000000091800000, 0x0000000091800000| Complete 
| 281|0x0000000091900000, 0x0000000091a00000, 0x0000000091a00000|100%| E|CS|TAMS 0x0000000091900000, 0x0000000091900000| Complete 
| 282|0x0000000091a00000, 0x0000000091b00000, 0x0000000091b00000|100%| E|CS|TAMS 0x0000000091a00000, 0x0000000091a00000| Complete 
| 283|0x0000000091b00000, 0x0000000091c00000, 0x0000000091c00000|100%| E|CS|TAMS 0x0000000091b00000, 0x0000000091b00000| Complete 
| 284|0x0000000091c00000, 0x0000000091d00000, 0x0000000091d00000|100%| E|CS|TAMS 0x0000000091c00000, 0x0000000091c00000| Complete 
| 285|0x0000000091d00000, 0x0000000091e00000, 0x0000000091e00000|100%| E|CS|TAMS 0x0000000091d00000, 0x0000000091d00000| Complete 
| 286|0x0000000091e00000, 0x0000000091f00000, 0x0000000091f00000|100%| E|CS|TAMS 0x0000000091e00000, 0x0000000091e00000| Complete 
|2046|0x00000000ffe00000, 0x00000000fff00000, 0x00000000fff00000|100%| O|  |TAMS 0x00000000ffe14800, 0x00000000ffe00000| Untracked 
|2047|0x00000000fff00000, 0x0000000100000000, 0x0000000100000000|100%| E|CS|TAMS 0x00000000fff00000, 0x00000000fff00000| Complete 

Card table byte_map: [0x000001c6a63b0000,0x000001c6a67b0000] _byte_map_base: 0x000001c6a5fb0000

Marking Bits (Prev, Next): (CMBitMap*) 0x000001c6913bd6a0, (CMBitMap*) 0x000001c6913bd660
 Prev Bits: [0x000001c6a8bb0000, 0x000001c6aabb0000)
 Next Bits: [0x000001c6a6bb0000, 0x000001c6a8bb0000)

Polling page: 0x000001c691280000

Metaspace:

Usage:
  Non-class:     99.26 MB used.
      Class:     15.40 MB used.
       Both:    114.66 MB used.

Virtual space:
  Non-class space:      128.00 MB reserved,      99.69 MB ( 78%) committed,  2 nodes.
      Class space:        1.00 GB reserved,      15.81 MB (  2%) committed,  1 nodes.
             Both:        1.12 GB reserved,     115.50 MB ( 10%) committed. 

Chunk freelists:
   Non-Class:  12.23 MB
       Class:  153.00 KB
        Both:  12.38 MB

MaxMetaspaceSize: unlimited
CompressedClassSpaceSize: 1.00 GB
Initial GC threshold: 21.00 MB
Current GC threshold: 173.69 MB
CDS: off
MetaspaceReclaimPolicy: balanced
 - commit_granule_bytes: 65536.
 - commit_granule_words: 8192.
 - virtual_space_node_default_size: 8388608.
 - enlarge_chunks_in_place: 1.
 - new_chunks_are_fully_committed: 0.
 - uncommit_free_chunks: 1.
 - use_allocation_guard: 0.
 - handle_deallocations: 1.


Internal statistics:

num_allocs_failed_limit: 6.
num_arena_births: 1260.
num_arena_deaths: 10.
num_vsnodes_births: 3.
num_vsnodes_deaths: 0.
num_space_committed: 1846.
num_space_uncommitted: 0.
num_chunks_returned_to_freelist: 20.
num_chunks_taken_from_freelist: 5829.
num_chunk_merges: 9.
num_chunk_splits: 3780.
num_chunks_enlarged: 2470.
num_inconsistent_stats: 0.

CodeHeap 'non-profiled nmethods': size=119168Kb used=11179Kb max_used=11179Kb free=107988Kb
 bounds [0x000001c69db90000, 0x000001c69e680000, 0x000001c6a4ff0000]
CodeHeap 'profiled nmethods': size=119104Kb used=29300Kb max_used=29300Kb free=89803Kb
 bounds [0x000001c695ff0000, 0x000001c697c90000, 0x000001c69d440000]
CodeHeap 'non-nmethods': size=7488Kb used=4135Kb max_used=4208Kb free=3352Kb
 bounds [0x000001c69d440000, 0x000001c69d870000, 0x000001c69db90000]
 total_blobs=15882 nmethods=14895 adapters=896
 compilation: enabled
              stopped_count=0, restarted_count=0
 full_count=0

Compilation events (20 events):
Event: 251.712 Thread 0x000001c6add20220 nmethod 17663 0x000001c697c4bb90 code [0x000001c697c4bd60, 0x000001c697c4c228]
Event: 251.714 Thread 0x000001c6add20220 17664       3       org.gradle.internal.component.model.ComponentIdGenerator::nextComponentId (8 bytes)
Event: 251.714 Thread 0x000001c6add20220 nmethod 17664 0x000001c697c4c390 code [0x000001c697c4c540, 0x000001c697c4c688]
Event: 251.714 Thread 0x000001c6add20220 17665       3       org.gradle.internal.component.model.AbstractComponentGraphResolveState::<init> (27 bytes)
Event: 251.714 Thread 0x000001c6add20220 nmethod 17665 0x000001c697c4c790 code [0x000001c697c4c940, 0x000001c697c4cbb8]
Event: 251.715 Thread 0x000001c6add20220 17666       3       org.gradle.api.internal.artifacts.dsl.ComponentMetadataRuleContainer::isEmpty (10 bytes)
Event: 251.715 Thread 0x000001c6add20220 nmethod 17666 0x000001c697c4cc90 code [0x000001c697c4ce40, 0x000001c697c4d008]
Event: 251.715 Thread 0x000001c6add1f910 nmethod 17585 0x000001c69e66bb10 code [0x000001c69e66bec0, 0x000001c69e66f3f0]
Event: 251.715 Thread 0x000001c6add1f910 17647       4       org.gradle.internal.hash.Hashing$MessageDigestHasher::putInt (15 bytes)
Event: 251.717 Thread 0x000001c6add1f910 nmethod 17647 0x000001c69e671890 code [0x000001c69e671a20, 0x000001c69e671c98]
Event: 251.717 Thread 0x000001c6add1f910 17605       4       jdk.internal.reflect.ClassFileAssembler::setStack (25 bytes)
Event: 251.717 Thread 0x000001c6add1f910 nmethod 17605 0x000001c69e672090 code [0x000001c69e672200, 0x000001c69e672298]
Event: 251.717 Thread 0x000001c6add1f910 17637   !   4       java.io.ObjectInputStream::readOrdinaryObject (379 bytes)
Event: 251.719 Thread 0x000001c6add20220 17667       3       org.gradle.internal.component.external.model.AbstractLazyModuleComponentResolveMetadata::getStatus (5 bytes)
Event: 251.720 Thread 0x000001c6add20220 nmethod 17667 0x000001c697c4d110 code [0x000001c697c4d2c0, 0x000001c697c4d5e8]
Event: 251.720 Thread 0x000001c6add20220 17668       3       org.gradle.internal.component.external.model.AbstractModuleComponentResolveMetadata::getStatus (16 bytes)
Event: 251.720 Thread 0x000001c6add20220 nmethod 17668 0x000001c697c4d710 code [0x000001c697c4d8c0, 0x000001c697c4db88]
Event: 251.721 Thread 0x000001c6add20220 17669       3       org.gradle.api.internal.artifacts.ivyservice.modulecache.ModuleMetadataStore::getFilePath (49 bytes)
Event: 251.721 Thread 0x000001c6add20220 nmethod 17669 0x000001c697c4dc90 code [0x000001c697c4dea0, 0x000001c697c4eb58]
Event: 251.721 Thread 0x000001c6add20220 17670       3       org.gradle.internal.resource.local.DefaultPathKeyFileStore::get (32 bytes)

GC Heap History (20 events):
Event: 11.077 GC heap before
{Heap before GC invocations=34 (full 0):
 garbage-first heap   total 183296K, used 152254K [0x0000000080000000, 0x0000000100000000)
  region size 1024K, 61 young (62464K), 6 survivors (6144K)
 Metaspace       used 99129K, committed 99776K, reserved 1179648K
  class space    used 13629K, committed 13952K, reserved 1048576K
}
Event: 11.088 GC heap after
{Heap after GC invocations=35 (full 0):
 garbage-first heap   total 183296K, used 99203K [0x0000000080000000, 0x0000000100000000)
  region size 1024K, 7 young (7168K), 7 survivors (7168K)
 Metaspace       used 99129K, committed 99776K, reserved 1179648K
  class space    used 13629K, committed 13952K, reserved 1048576K
}
Event: 11.666 GC heap before
{Heap before GC invocations=35 (full 0):
 garbage-first heap   total 183296K, used 151427K [0x0000000080000000, 0x0000000100000000)
  region size 1024K, 59 young (60416K), 7 survivors (7168K)
 Metaspace       used 101777K, committed 102464K, reserved 1179648K
  class space    used 14066K, committed 14400K, reserved 1048576K
}
Event: 11.671 GC heap after
{Heap after GC invocations=36 (full 0):
 garbage-first heap   total 183296K, used 104484K [0x0000000080000000, 0x0000000100000000)
  region size 1024K, 8 young (8192K), 8 survivors (8192K)
 Metaspace       used 101777K, committed 102464K, reserved 1179648K
  class space    used 14066K, committed 14400K, reserved 1048576K
}
Event: 11.931 GC heap before
{Heap before GC invocations=36 (full 0):
 garbage-first heap   total 183296K, used 151588K [0x0000000080000000, 0x0000000100000000)
  region size 1024K, 54 young (55296K), 8 survivors (8192K)
 Metaspace       used 102430K, committed 103168K, reserved 1179648K
  class space    used 14179K, committed 14528K, reserved 1048576K
}
Event: 11.937 GC heap after
{Heap after GC invocations=37 (full 0):
 garbage-first heap   total 183296K, used 106939K [0x0000000080000000, 0x0000000100000000)
  region size 1024K, 5 young (5120K), 5 survivors (5120K)
 Metaspace       used 102430K, committed 103168K, reserved 1179648K
  class space    used 14179K, committed 14528K, reserved 1048576K
}
Event: 12.424 GC heap before
{Heap before GC invocations=37 (full 0):
 garbage-first heap   total 183296K, used 159163K [0x0000000080000000, 0x0000000100000000)
  region size 1024K, 49 young (50176K), 5 survivors (5120K)
 Metaspace       used 105341K, committed 106048K, reserved 1179648K
  class space    used 14446K, committed 14784K, reserved 1048576K
}
Event: 12.437 GC heap after
{Heap after GC invocations=38 (full 0):
 garbage-first heap   total 185344K, used 126034K [0x0000000080000000, 0x0000000100000000)
  region size 1024K, 7 young (7168K), 7 survivors (7168K)
 Metaspace       used 105341K, committed 106048K, reserved 1179648K
  class space    used 14446K, committed 14784K, reserved 1048576K
}
Event: 12.774 GC heap before
{Heap before GC invocations=38 (full 0):
 garbage-first heap   total 185344K, used 154706K [0x0000000080000000, 0x0000000100000000)
  region size 1024K, 28 young (28672K), 7 survivors (7168K)
 Metaspace       used 105930K, committed 106688K, reserved 1179648K
  class space    used 14500K, committed 14848K, reserved 1048576K
}
Event: 12.779 GC heap after
{Heap after GC invocations=39 (full 0):
 garbage-first heap   total 295936K, used 134144K [0x0000000080000000, 0x0000000100000000)
  region size 1024K, 4 young (4096K), 4 survivors (4096K)
 Metaspace       used 105930K, committed 106688K, reserved 1179648K
  class space    used 14500K, committed 14848K, reserved 1048576K
}
Event: 13.389 GC heap before
{Heap before GC invocations=40 (full 0):
 garbage-first heap   total 295936K, used 246784K [0x0000000080000000, 0x0000000100000000)
  region size 1024K, 97 young (99328K), 4 survivors (4096K)
 Metaspace       used 108133K, committed 108864K, reserved 1179648K
  class space    used 14711K, committed 15104K, reserved 1048576K
}
Event: 13.396 GC heap after
{Heap after GC invocations=41 (full 0):
 garbage-first heap   total 295936K, used 138056K [0x0000000080000000, 0x0000000100000000)
  region size 1024K, 10 young (10240K), 10 survivors (10240K)
 Metaspace       used 108133K, committed 108864K, reserved 1179648K
  class space    used 14711K, committed 15104K, reserved 1048576K
}
Event: 13.410 GC heap before
{Heap before GC invocations=41 (full 0):
 garbage-first heap   total 295936K, used 141128K [0x0000000080000000, 0x0000000100000000)
  region size 1024K, 14 young (14336K), 10 survivors (10240K)
 Metaspace       used 108181K, committed 108928K, reserved 1179648K
  class space    used 14717K, committed 15104K, reserved 1048576K
}
Event: 13.416 GC heap after
{Heap after GC invocations=42 (full 0):
 garbage-first heap   total 295936K, used 138524K [0x0000000080000000, 0x0000000100000000)
  region size 1024K, 2 young (2048K), 2 survivors (2048K)
 Metaspace       used 108181K, committed 108928K, reserved 1179648K
  class space    used 14717K, committed 15104K, reserved 1048576K
}
Event: 13.959 GC heap before
{Heap before GC invocations=42 (full 0):
 garbage-first heap   total 295936K, used 236828K [0x0000000080000000, 0x0000000100000000)
  region size 1024K, 99 young (101376K), 2 survivors (2048K)
 Metaspace       used 112769K, committed 113472K, reserved 1179648K
  class space    used 15201K, committed 15552K, reserved 1048576K
}
Event: 13.964 GC heap after
{Heap after GC invocations=43 (full 0):
 garbage-first heap   total 295936K, used 145461K [0x0000000080000000, 0x0000000100000000)
  region size 1024K, 9 young (9216K), 9 survivors (9216K)
 Metaspace       used 112769K, committed 113472K, reserved 1179648K
  class space    used 15201K, committed 15552K, reserved 1048576K
}
Event: 14.337 GC heap before
{Heap before GC invocations=43 (full 0):
 garbage-first heap   total 295936K, used 236597K [0x0000000080000000, 0x0000000100000000)
  region size 1024K, 99 young (101376K), 9 survivors (9216K)
 Metaspace       used 112999K, committed 113728K, reserved 1179648K
  class space    used 15221K, committed 15616K, reserved 1048576K
}
Event: 14.341 GC heap after
{Heap after GC invocations=44 (full 0):
 garbage-first heap   total 295936K, used 150273K [0x0000000080000000, 0x0000000100000000)
  region size 1024K, 6 young (6144K), 6 survivors (6144K)
 Metaspace       used 112999K, committed 113728K, reserved 1179648K
  class space    used 15221K, committed 15616K, reserved 1048576K
}
Event: 16.091 GC heap before
{Heap before GC invocations=44 (full 0):
 garbage-first heap   total 295936K, used 238337K [0x0000000080000000, 0x0000000100000000)
  region size 1024K, 93 young (95232K), 6 survivors (6144K)
 Metaspace       used 116057K, committed 116800K, reserved 1179648K
  class space    used 15592K, committed 15936K, reserved 1048576K
}
Event: 16.097 GC heap after
{Heap after GC invocations=45 (full 0):
 garbage-first heap   total 295936K, used 154579K [0x0000000080000000, 0x0000000100000000)
  region size 1024K, 10 young (10240K), 10 survivors (10240K)
 Metaspace       used 116057K, committed 116800K, reserved 1179648K
  class space    used 15592K, committed 15936K, reserved 1048576K
}

Dll operation events (3 events):
Event: 0.006 Loaded shared library C:\Program Files\Android\Android Studio\jbr\bin\java.dll
Event: 0.113 Loaded shared library C:\Program Files\Android\Android Studio\jbr\bin\zip.dll
Event: 0.355 Loaded shared library C:\Program Files\Android\Android Studio\jbr\bin\verify.dll

Deoptimization events (20 events):
Event: 251.633 Thread 0x000001c6b7682510 Uncommon trap: trap_request=0xffffffde fr.pc=0x000001c69e5c1e68 relative=0x0000000000000728
Event: 251.633 Thread 0x000001c6b7682510 Uncommon trap: reason=class_check action=maybe_recompile pc=0x000001c69e5c1e68 method=java.security.MessageDigest$Delegate.clone()Ljava/lang/Object; @ 15 c2
Event: 251.633 Thread 0x000001c6b7682510 DEOPT PACKING pc=0x000001c69e5c1e68 sp=0x000000be803fae60
Event: 251.633 Thread 0x000001c6b7682510 DEOPT UNPACKING pc=0x000001c69d4969a3 sp=0x000000be803fae30 mode 2
Event: 251.633 Thread 0x000001c6b7682510 Uncommon trap: trap_request=0xffffff45 fr.pc=0x000001c69e1cf264 relative=0x0000000000000424
Event: 251.633 Thread 0x000001c6b7682510 Uncommon trap: reason=unstable_if action=reinterpret pc=0x000001c69e1cf264 method=org.gradle.internal.hash.HashCode.fromBytes([BLorg/gradle/internal/hash/HashCode$Usage;)Lorg/gradle/internal/hash/HashCode; @ 47 c2
Event: 251.633 Thread 0x000001c6b7682510 DEOPT PACKING pc=0x000001c69e1cf264 sp=0x000000be803faef0
Event: 251.633 Thread 0x000001c6b7682510 DEOPT UNPACKING pc=0x000001c69d4969a3 sp=0x000000be803fae98 mode 2
Event: 251.645 Thread 0x000001c6b7682510 DEOPT PACKING pc=0x000001c696705d82 sp=0x000000be803facd0
Event: 251.645 Thread 0x000001c6b7682510 DEOPT UNPACKING pc=0x000001c69d497143 sp=0x000000be803fa1b0 mode 0
Event: 251.687 Thread 0x000001c6b7682510 DEOPT PACKING pc=0x000001c696a008d1 sp=0x000000be803f7db0
Event: 251.687 Thread 0x000001c6b7682510 DEOPT UNPACKING pc=0x000001c69d497143 sp=0x000000be803f72c8 mode 0
Event: 251.696 Thread 0x000001c6b7682510 Uncommon trap: trap_request=0xffffffde fr.pc=0x000001c69e3d8358 relative=0x0000000000000638
Event: 251.696 Thread 0x000001c6b7682510 Uncommon trap: reason=class_check action=maybe_recompile pc=0x000001c69e3d8358 method=org.gradle.cache.internal.LockOnDemandCrossProcessCacheAccess.incrementLockCount()V @ 97 c2
Event: 251.696 Thread 0x000001c6b7682510 DEOPT PACKING pc=0x000001c69e3d8358 sp=0x000000be803f6680
Event: 251.697 Thread 0x000001c6b7682510 DEOPT UNPACKING pc=0x000001c69d4969a3 sp=0x000000be803f6630 mode 2
Event: 251.699 Thread 0x000001c6b7682510 Uncommon trap: trap_request=0xffffffde fr.pc=0x000001c69e173478 relative=0x0000000000000bd8
Event: 251.700 Thread 0x000001c6b7682510 Uncommon trap: reason=class_check action=maybe_recompile pc=0x000001c69e173478 method=org.gradle.api.internal.artifacts.dependencies.DefaultImmutableVersionConstraint.of(Lorg/gradle/api/artifacts/VersionConstraint;)Lorg/gradle/api/internal/artifacts/Immut
Event: 251.700 Thread 0x000001c6b7682510 DEOPT PACKING pc=0x000001c69e173478 sp=0x000000be803f80a0
Event: 251.700 Thread 0x000001c6b7682510 DEOPT UNPACKING pc=0x000001c69d4969a3 sp=0x000000be803f8018 mode 2

Classes unloaded (5 events):
Event: 12.843 Thread 0x000001c6adcd4630 Unloading class 0x0000000100e18400 'java/lang/invoke/LambdaForm$DMH+0x0000000100e18400'
Event: 12.843 Thread 0x000001c6adcd4630 Unloading class 0x0000000100e0a800 'java/lang/invoke/LambdaForm$DMH+0x0000000100e0a800'
Event: 12.843 Thread 0x000001c6adcd4630 Unloading class 0x0000000100e0a400 'java/lang/invoke/LambdaForm$DMH+0x0000000100e0a400'
Event: 12.843 Thread 0x000001c6adcd4630 Unloading class 0x0000000100e0a000 'java/lang/invoke/LambdaForm$DMH+0x0000000100e0a000'
Event: 12.843 Thread 0x000001c6adcd4630 Unloading class 0x0000000100e09800 'java/lang/invoke/LambdaForm$DMH+0x0000000100e09800'

Classes redefined (0 events):
No events

Internal exceptions (20 events):
Event: 16.419 Thread 0x000001c6b7684370 Exception <a 'sun/nio/fs/WindowsException'{0x0000000090a4cf88}> (0x0000000090a4cf88) 
thrown [s\src\hotspot\share\prims\jni.cpp, line 531]
Event: 16.419 Thread 0x000001c6b7684370 Exception <a 'sun/nio/fs/WindowsException'{0x0000000090a4dad8}> (0x0000000090a4dad8) 
thrown [s\src\hotspot\share\prims\jni.cpp, line 531]
Event: 16.419 Thread 0x000001c6b7684370 Exception <a 'sun/nio/fs/WindowsException'{0x0000000090a4e670}> (0x0000000090a4e670) 
thrown [s\src\hotspot\share\prims\jni.cpp, line 531]
Event: 16.420 Thread 0x000001c6b7684370 Exception <a 'sun/nio/fs/WindowsException'{0x0000000090a530c0}> (0x0000000090a530c0) 
thrown [s\src\hotspot\share\prims\jni.cpp, line 531]
Event: 16.420 Thread 0x000001c6b7684370 Exception <a 'sun/nio/fs/WindowsException'{0x0000000090a53c18}> (0x0000000090a53c18) 
thrown [s\src\hotspot\share\prims\jni.cpp, line 531]
Event: 16.420 Thread 0x000001c6b7684370 Exception <a 'sun/nio/fs/WindowsException'{0x0000000090a547d0}> (0x0000000090a547d0) 
thrown [s\src\hotspot\share\prims\jni.cpp, line 531]
Event: 16.421 Thread 0x000001c6b7684370 Exception <a 'sun/nio/fs/WindowsException'{0x0000000090a5a3d8}> (0x0000000090a5a3d8) 
thrown [s\src\hotspot\share\prims\jni.cpp, line 531]
Event: 16.421 Thread 0x000001c6b7684370 Exception <a 'sun/nio/fs/WindowsException'{0x0000000090a5b888}> (0x0000000090a5b888) 
thrown [s\src\hotspot\share\prims\jni.cpp, line 531]
Event: 249.533 Thread 0x000001c6b7682510 Implicit null exception at 0x000001c69e528b76 to 0x000001c69e52fee0
Event: 249.534 Thread 0x000001c6b7682510 Implicit null exception at 0x000001c69e63f24f to 0x000001c69e640174
Event: 249.602 Thread 0x000001c6b7682510 Exception <a 'sun/nio/fs/WindowsException'{0x000000009028dcd8}> (0x000000009028dcd8) 
thrown [s\src\hotspot\share\prims\jni.cpp, line 531]
Event: 249.602 Thread 0x000001c6b7682510 Exception <a 'sun/nio/fs/WindowsException'{0x000000009028f260}> (0x000000009028f260) 
thrown [s\src\hotspot\share\prims\jni.cpp, line 531]
Event: 249.602 Thread 0x000001c6b7682510 Exception <a 'sun/nio/fs/WindowsException'{0x00000000902907e8}> (0x00000000902907e8) 
thrown [s\src\hotspot\share\prims\jni.cpp, line 531]
Event: 249.603 Thread 0x000001c6b7682510 Exception <a 'sun/nio/fs/WindowsException'{0x0000000090291d50}> (0x0000000090291d50) 
thrown [s\src\hotspot\share\prims\jni.cpp, line 531]
Event: 249.626 Thread 0x000001c6b7682510 Exception <a 'sun/nio/fs/WindowsException'{0x00000000902d11d0}> (0x00000000902d11d0) 
thrown [s\src\hotspot\share\prims\jni.cpp, line 531]
Event: 249.627 Thread 0x000001c6b7682510 Exception <a 'sun/nio/fs/WindowsException'{0x00000000902d1500}> (0x00000000902d1500) 
thrown [s\src\hotspot\share\prims\jni.cpp, line 531]
Event: 250.627 Thread 0x000001c6b7682510 Exception <a 'sun/nio/fs/WindowsException'{0x00000000902d4000}> (0x00000000902d4000) 
thrown [s\src\hotspot\share\prims\jni.cpp, line 531]
Event: 250.627 Thread 0x000001c6b7682510 Exception <a 'sun/nio/fs/WindowsException'{0x00000000902d4430}> (0x00000000902d4430) 
thrown [s\src\hotspot\share\prims\jni.cpp, line 531]
Event: 250.629 Thread 0x000001c6b7682510 Exception <a 'sun/nio/fs/WindowsException'{0x00000000902dcc98}> (0x00000000902dcc98) 
thrown [s\src\hotspot\share\prims\jni.cpp, line 531]
Event: 250.629 Thread 0x000001c6b7682510 Exception <a 'sun/nio/fs/WindowsException'{0x00000000902dd0c8}> (0x00000000902dd0c8) 
thrown [s\src\hotspot\share\prims\jni.cpp, line 531]

VM Operations (20 events):
Event: 62.195 Executing VM operation: Cleanup done
Event: 77.204 Executing VM operation: Cleanup
Event: 77.204 Executing VM operation: Cleanup done
Event: 92.210 Executing VM operation: Cleanup
Event: 92.210 Executing VM operation: Cleanup done
Event: 112.221 Executing VM operation: Cleanup
Event: 112.222 Executing VM operation: Cleanup done
Event: 137.237 Executing VM operation: Cleanup
Event: 137.237 Executing VM operation: Cleanup done
Event: 152.243 Executing VM operation: Cleanup
Event: 152.243 Executing VM operation: Cleanup done
Event: 182.258 Executing VM operation: Cleanup
Event: 182.258 Executing VM operation: Cleanup done
Event: 197.264 Executing VM operation: Cleanup
Event: 197.264 Executing VM operation: Cleanup done
Event: 232.282 Executing VM operation: Cleanup
Event: 232.282 Executing VM operation: Cleanup done
Event: 250.294 Executing VM operation: Cleanup
Event: 250.626 Executing VM operation: Cleanup done
Event: 252.627 Executing VM operation: Cleanup

Events (20 events):
Event: 249.475 Thread 0x000001c6b7682000 Thread added: 0x000001c6b7682000
Event: 249.480 Thread 0x000001c6b7682510 Thread added: 0x000001c6b7682510
Event: 249.486 Thread 0x000001c6b7683950 Thread added: 0x000001c6b7683950
Event: 249.494 loading class jdk/internal/math/FormattedFloatingDecimal$Form
Event: 249.498 loading class jdk/internal/math/FormattedFloatingDecimal$Form done
Event: 249.499 loading class jdk/internal/math/FormattedFloatingDecimal
Event: 249.505 loading class jdk/internal/math/FormattedFloatingDecimal done
Event: 249.505 loading class jdk/internal/math/FormattedFloatingDecimal$1
Event: 249.505 loading class jdk/internal/math/FormattedFloatingDecimal$1 done
Event: 249.508 loading class jdk/internal/math/FormattedFloatingDecimal$2
Event: 249.508 loading class jdk/internal/math/FormattedFloatingDecimal$2 done
Event: 249.513 Thread 0x000001c6b7682a20 Thread added: 0x000001c6b7682a20
Event: 249.514 Thread 0x000001c6b7683e60 Thread added: 0x000001c6b7683e60
Event: 249.547 Thread 0x000001c6b7682f30 Thread added: 0x000001c6b7682f30
Event: 249.573 Thread 0x000001c6c0325d90 Thread added: 0x000001c6c0325d90
Event: 249.573 Thread 0x000001c6c03282c0 Thread added: 0x000001c6c03282c0
Event: 249.583 Thread 0x000001c6b76810d0 Thread added: 0x000001c6b76810d0
Event: 249.587 Thread 0x000001c6b7685cc0 Thread added: 0x000001c6b7685cc0
Event: 249.590 Thread 0x000001c6b7683440 Thread added: 0x000001c6b7683440
Event: 251.695 Thread 0x000001c6b7687100 Thread added: 0x000001c6b7687100


Dynamic libraries:
0x00007ff74bb70000 - 0x00007ff74bb7a000 	C:\Program Files\Android\Android Studio\jbr\bin\java.exe
0x00007ffd64de0000 - 0x00007ffd65047000 	C:\WINDOWS\SYSTEM32\ntdll.dll
0x00007ffd638f0000 - 0x00007ffd639b9000 	C:\WINDOWS\System32\KERNEL32.DLL
0x00007ffd62610000 - 0x00007ffd629ff000 	C:\WINDOWS\System32\KERNELBASE.dll
0x00007ffd624c0000 - 0x00007ffd6260b000 	C:\WINDOWS\System32\ucrtbase.dll
0x00007ffd595b0000 - 0x00007ffd595c7000 	C:\Program Files\Android\Android Studio\jbr\bin\jli.dll
0x00007ffd4a0d0000 - 0x00007ffd4a0eb000 	C:\Program Files\Android\Android Studio\jbr\bin\VCRUNTIME140.dll
0x00007ffd648b0000 - 0x00007ffd64a75000 	C:\WINDOWS\System32\USER32.dll
0x00007ffd41180000 - 0x00007ffd41413000 	C:\WINDOWS\WinSxS\amd64_microsoft.windows.common-controls_6595b64144ccf1df_6.0.26100.7309_none_3e05feeae336a044\COMCTL32.dll
0x00007ffd62b50000 - 0x00007ffd62b77000 	C:\WINDOWS\System32\win32u.dll
0x00007ffd63a30000 - 0x00007ffd63ad9000 	C:\WINDOWS\System32\msvcrt.dll
0x00007ffd64c80000 - 0x00007ffd64cab000 	C:\WINDOWS\System32\GDI32.dll
0x00007ffd62220000 - 0x00007ffd6234c000 	C:\WINDOWS\System32\gdi32full.dll
0x00007ffd62aa0000 - 0x00007ffd62b43000 	C:\WINDOWS\System32\msvcp_win.dll
0x00007ffd62ea0000 - 0x00007ffd62ed1000 	C:\WINDOWS\System32\IMM32.DLL
0x00007ffd594e0000 - 0x00007ffd594ec000 	C:\Program Files\Android\Android Studio\jbr\bin\vcruntime140_1.dll
0x00007ffd06410000 - 0x00007ffd0649d000 	C:\Program Files\Android\Android Studio\jbr\bin\msvcp140.dll
0x00007ffcbdc60000 - 0x00007ffcbe8e3000 	C:\Program Files\Android\Android Studio\jbr\bin\server\jvm.dll
0x00007ffd64360000 - 0x00007ffd64414000 	C:\WINDOWS\System32\ADVAPI32.dll
0x00007ffd642b0000 - 0x00007ffd64356000 	C:\WINDOWS\System32\sechost.dll
0x00007ffd62f60000 - 0x00007ffd63078000 	C:\WINDOWS\System32\RPCRT4.dll
0x00007ffd5b8d0000 - 0x00007ffd5b8da000 	C:\WINDOWS\SYSTEM32\WSOCK32.dll
0x00007ffd61820000 - 0x00007ffd6187e000 	C:\WINDOWS\SYSTEM32\POWRPROF.dll
0x00007ffd63ae0000 - 0x00007ffd63b54000 	C:\WINDOWS\System32\WS2_32.dll
0x00007ffd56c70000 - 0x00007ffd56ca5000 	C:\WINDOWS\SYSTEM32\WINMM.dll
0x00007ffd5aa00000 - 0x00007ffd5aa0b000 	C:\WINDOWS\SYSTEM32\VERSION.dll
0x00007ffd617c0000 - 0x00007ffd617d4000 	C:\WINDOWS\SYSTEM32\UMPDC.dll
0x00007ffd60ce0000 - 0x00007ffd60cfb000 	C:\WINDOWS\SYSTEM32\kernel.appcore.dll
0x00007ffd5a5b0000 - 0x00007ffd5a5ba000 	C:\Program Files\Android\Android Studio\jbr\bin\jimage.dll
0x00007ffd5f2b0000 - 0x00007ffd5f4f2000 	C:\WINDOWS\SYSTEM32\DBGHELP.DLL
0x00007ffd63e20000 - 0x00007ffd641a6000 	C:\WINDOWS\System32\combase.dll
0x00007ffd63b60000 - 0x00007ffd63c36000 	C:\WINDOWS\System32\OLEAUT32.dll
0x00007ffd42a50000 - 0x00007ffd42a8c000 	C:\WINDOWS\SYSTEM32\dbgcore.DLL
0x00007ffd62350000 - 0x00007ffd623f5000 	C:\WINDOWS\System32\bcryptPrimitives.dll
0x00007ffd59970000 - 0x00007ffd5997e000 	C:\Program Files\Android\Android Studio\jbr\bin\instrument.dll
0x00007ffd514d0000 - 0x00007ffd514f5000 	C:\Program Files\Android\Android Studio\jbr\bin\java.dll
0x00007ffd59590000 - 0x00007ffd595a8000 	C:\Program Files\Android\Android Studio\jbr\bin\zip.dll
0x00007ffd63080000 - 0x00007ffd637d3000 	C:\WINDOWS\System32\SHELL32.dll
0x00007ffd620b0000 - 0x00007ffd6221a000 	C:\WINDOWS\System32\wintypes.dll
0x00007ffd5fb20000 - 0x00007ffd6037e000 	C:\WINDOWS\SYSTEM32\windows.storage.dll
0x00007ffd64b70000 - 0x00007ffd64c65000 	C:\WINDOWS\System32\SHCORE.dll
0x00007ffd64240000 - 0x00007ffd642a6000 	C:\WINDOWS\System32\shlwapi.dll
0x00007ffd61e50000 - 0x00007ffd61e79000 	C:\WINDOWS\SYSTEM32\profapi.dll
0x00007ffd59310000 - 0x00007ffd59329000 	C:\Program Files\Android\Android Studio\jbr\bin\net.dll
0x00007ffd5a7f0000 - 0x00007ffd5a918000 	C:\WINDOWS\SYSTEM32\WINHTTP.dll
0x00007ffd61250000 - 0x00007ffd612bb000 	C:\WINDOWS\system32\mswsock.dll
0x00007ffd56fb0000 - 0x00007ffd56fc6000 	C:\Program Files\Android\Android Studio\jbr\bin\nio.dll
0x00007ffd56b20000 - 0x00007ffd56b30000 	C:\Program Files\Android\Android Studio\jbr\bin\verify.dll
0x00007ffd32fc0000 - 0x00007ffd32fe7000 	C:\Users\Ranga\.gradle\native\c067742578af261105cb4f569cf0c3c89f3d7b1fecec35dd04571415982c5e48\windows-amd64\native-platform.dll
0x00007ffcdeb00000 - 0x00007ffcdec44000 	C:\Users\Ranga\.gradle\native\38dada09dfb8b06ba9b0570ebf7e218e3eb74d4ef43ca46872605cf95ebc2f47\windows-amd64\native-platform-file-events.dll
0x00007ffd59620000 - 0x00007ffd59629000 	C:\Program Files\Android\Android Studio\jbr\bin\management.dll
0x00007ffd57d00000 - 0x00007ffd57d0b000 	C:\Program Files\Android\Android Studio\jbr\bin\management_ext.dll
0x00007ffd64c70000 - 0x00007ffd64c78000 	C:\WINDOWS\System32\PSAPI.DLL
0x00007ffd61510000 - 0x00007ffd6152b000 	C:\WINDOWS\SYSTEM32\CRYPTSP.dll
0x00007ffd60c20000 - 0x00007ffd60c5a000 	C:\WINDOWS\system32\rsaenh.dll
0x00007ffd61300000 - 0x00007ffd6132b000 	C:\WINDOWS\SYSTEM32\USERENV.dll
0x00007ffd61e20000 - 0x00007ffd61e4a000 	C:\WINDOWS\SYSTEM32\bcrypt.dll
0x00007ffd61530000 - 0x00007ffd6153c000 	C:\WINDOWS\SYSTEM32\CRYPTBASE.dll
0x00007ffd606a0000 - 0x00007ffd606d4000 	C:\WINDOWS\SYSTEM32\IPHLPAPI.DLL
0x00007ffd62e90000 - 0x00007ffd62e9a000 	C:\WINDOWS\System32\NSI.dll
0x00007ffd5b090000 - 0x00007ffd5b0ae000 	C:\WINDOWS\SYSTEM32\dhcpcsvc6.DLL
0x00007ffd5aa10000 - 0x00007ffd5aa33000 	C:\WINDOWS\SYSTEM32\dhcpcsvc.DLL
0x00007ffd60790000 - 0x00007ffd608bc000 	C:\WINDOWS\SYSTEM32\DNSAPI.dll
0x00007ffd56b50000 - 0x00007ffd56b59000 	C:\Program Files\Android\Android Studio\jbr\bin\extnet.dll
0x00007ffd3e070000 - 0x00007ffd3e078000 	C:\WINDOWS\system32\wshunix.dll
0x00007ffd56c40000 - 0x00007ffd56c58000 	C:\WINDOWS\system32\napinsp.dll
0x00007ffd56c20000 - 0x00007ffd56c32000 	C:\WINDOWS\System32\winrnr.dll
0x00007ffd3b990000 - 0x00007ffd3b9b2000 	C:\WINDOWS\system32\nlansp_c.dll
0x00007ffd3b940000 - 0x00007ffd3b956000 	C:\WINDOWS\system32\wshbth.dll
0x00007ffd495e0000 - 0x00007ffd495eb000 	C:\Windows\System32\rasadhlp.dll
0x00007ffd59dd0000 - 0x00007ffd59e56000 	C:\WINDOWS\System32\fwpuclnt.dll
0x00007ffd60e00000 - 0x00007ffd60e36000 	C:\WINDOWS\SYSTEM32\ntmarta.dll

dbghelp: loaded successfully - version: 4.0.5 - missing functions: none
symbol engine: initialized successfully - sym options: 0x614 - pdb path: .;C:\Program Files\Android\Android Studio\jbr\bin;C:\WINDOWS\SYSTEM32;C:\WINDOWS\WinSxS\amd64_microsoft.windows.common-controls_6595b64144ccf1df_6.0.26100.7309_none_3e05feeae336a044;C:\Program Files\Android\Android Studio\jbr\bin\server;C:\Users\Ranga\.gradle\native\c067742578af261105cb4f569cf0c3c89f3d7b1fecec35dd04571415982c5e48\windows-amd64;C:\Users\Ranga\.gradle\native\38dada09dfb8b06ba9b0570ebf7e218e3eb74d4ef43ca46872605cf95ebc2f47\windows-amd64

VM Arguments:
jvm_args: --add-opens=java.base/java.util=ALL-UNNAMED --add-opens=java.base/java.lang=ALL-UNNAMED --add-opens=java.base/java.lang.invoke=ALL-UNNAMED --add-opens=java.prefs/java.util.prefs=ALL-UNNAMED --add-opens=java.base/java.nio.charset=ALL-UNNAMED --add-opens=java.base/java.net=ALL-UNNAMED --add-opens=java.base/java.util.concurrent.atomic=ALL-UNNAMED -Xmx2048m -Dfile.encoding=UTF-8 -Duser.country=US -Duser.language=en -Duser.variant -javaagent:C:\Users\Ranga\.gradle\wrapper\dists\gradle-8.7-bin\bhs2wmbdwecv87pi65oeuq5iu\gradle-8.7\lib\agents\gradle-instrumentation-agent-8.7.jar 
java_command: org.gradle.launcher.daemon.bootstrap.GradleDaemon 8.7
java_class_path (initial): C:\Users\Ranga\.gradle\wrapper\dists\gradle-8.7-bin\bhs2wmbdwecv87pi65oeuq5iu\gradle-8.7\lib\gradle-launcher-8.7.jar
Launcher Type: SUN_STANDARD

[Global flags]
     intx CICompilerCount                          = 12                                        {product} {ergonomic}
     uint ConcGCThreads                            = 3                                         {product} {ergonomic}
     uint G1ConcRefinementThreads                  = 13                                        {product} {ergonomic}
   size_t G1HeapRegionSize                         = 1048576                                   {product} {ergonomic}
    uintx GCDrainStackTargetSize                   = 64                                        {product} {ergonomic}
   size_t InitialHeapSize                          = 264241152                                 {product} {ergonomic}
   size_t MarkStackSize                            = 4194304                                   {product} {ergonomic}
   size_t MaxHeapSize                              = 2147483648                                {product} {command line}
   size_t MaxNewSize                               = 1287651328                                {product} {ergonomic}
   size_t MinHeapDeltaBytes                        = 1048576                                   {product} {ergonomic}
   size_t MinHeapSize                              = 8388608                                   {product} {ergonomic}
    uintx NonNMethodCodeHeapSize                   = 7602480                                {pd product} {ergonomic}
    uintx NonProfiledCodeHeapSize                  = 122027880                              {pd product} {ergonomic}
    uintx ProfiledCodeHeapSize                     = 122027880                              {pd product} {ergonomic}
    uintx ReservedCodeCacheSize                    = 251658240                              {pd product} {ergonomic}
     bool SegmentedCodeCache                       = true                                      {product} {ergonomic}
   size_t SoftMaxHeapSize                          = 2147483648                             {manageable} {ergonomic}
     bool UseCompressedClassPointers               = true                           {product lp64_product} {ergonomic}
     bool UseCompressedOops                        = true                           {product lp64_product} {ergonomic}
     bool UseG1GC                                  = true                                      {product} {ergonomic}
     bool UseLargePagesIndividualAllocation        = false                                  {pd product} {ergonomic}

Logging:
Log output configuration:
 #0: stdout all=warning uptime,level,tags
 #1: stderr all=off uptime,level,tags

Environment Variables:
JAVA_HOME=C:\Program Files\OpenLogic\jdk-17.0.17.10-hotspot\bin
PATH=C:\Program Files\OpenLogic\jdk-17.0.17.10-hotspot\bin;C:\Program Files\Common Files\Oracle\Java\javapath;C:\Program Files (x86)\Common Files\Oracle\Java\java8path;C:\Program Files (x86)\Common Files\Oracle\Java\javapath;C:\Windows\system32;C:\Windows;C:\Windows\System32\Wbem;C:\Windows\System32\WindowsPowerShell\v1.0\;C:\Windows\System32\OpenSSH\;C:\Program Files (x86)\NVIDIA Corporation\PhysX\Common;C:\Program Files\dotnet\;C:\Users\Ranga\AppData\Local\Programs\Python\Python313;C:\Windows\System32\Npcap;C:\Program Files\NVIDIA Corporation\NVIDIA app\NvDLISR;C:\WINDOWS\system32;C:\WINDOWS;C:\WINDOWS\System32\Wbem;C:\WINDOWS\System32\WindowsPowerShell\v1.0\;C:\WINDOWS\System32\OpenSSH\;C:\Program Files\Git\cmd;C:\Program Files\nodejs\;C:\Program Files\Docker\Docker\resources\bin;C:\Users\Ranga\AppData\Local\Programs\Python\Launcher\;C:\Users\Ranga\AppData\Local\Microsoft\WindowsApps;C:\php-8.3.10-nts-Win32-vs16-x64;C:\Users\Ranga\AppData\Local\Android\Sdk\platform-tools;C:\Users\Ranga\Downloads\ngrok-v3-stable-windows-amd64;C:\Users\Ranga\AppData\Local\Programs\Python\Python313;C:\Users\Ranga\AppData\Local\Programs\Python\Python313\Scripts;C:\Windows\System32\Npcap;C:\Program Files\JetBrains\IntelliJ IDEA 2024.3.3\bin;;C:\Users\Ranga\AppData\Local\Programs\Ollama;C:\Users\Ranga\AppData\Local\GitHubDesktop\bin;C:\Users\Ranga\AppData\Local\Programs\Antigravity\bin;C:\Users\Ranga\AppData\Roaming\npm;C:\Users\Ranga\AppData\Local\Programs\Microsoft VS Code\bin
USERNAME=Ranga
OS=Windows_NT
PROCESSOR_IDENTIFIER=Intel64 Family 6 Model 186 Stepping 2, GenuineIntel
TMP=C:\Users\Ranga\AppData\Local\Temp
TEMP=C:\Users\Ranga\AppData\Local\Temp



Periodic native trim disabled

JNI global refs:
JNI global refs: 36, weak refs: 10

JNI global refs memory usage: 843, weak refs: 841

Process memory usage:
Resident Set Size: 206980K (1% of 16494648K total physical memory with 744548K free physical memory)

OOME stack traces (most recent first):
Classloader memory used:
Loader org.gradle.internal.classloader.VisitableURLClassLoader                         : 5111K
Loader org.gradle.internal.classloader.VisitableURLClassLoader$InstrumentingVisitableURLClassLoader: 4551K
Loader bootstrap                                                                       : 3384K
Loader org.gradle.initialization.MixInLegacyTypesClassLoader                           : 1404K
Loader jdk.internal.reflect.DelegatingClassLoader                                      : 108K
Loader jdk.internal.loader.ClassLoaders$PlatformClassLoader                            : 68619B
Loader jdk.internal.loader.ClassLoaders$AppClassLoader                                 : 28771B
Loader org.gradle.groovy.scripts.internal.DefaultScriptCompilationHandler$ScriptClassLoader: 19032B
Loader org.gradle.internal.classloader.VisitableURLClassLoader                         : 4848B
Loader org.codehaus.groovy.runtime.callsite.CallSiteClassLoader                        : 1185B
Loader sun.reflect.misc.MethodUtil                                                     : 373B

Classes loaded by more than one classloader:
Class com.google.common.reflect.TypeCapture                                           : loaded 2 times (x 69B)
Class org.gradle.internal.installation.GradleInstallation                             : loaded 2 times (x 73B)
Class [Lcom.google.common.collect.MapMakerInternalMap$Segment;                        : loaded 2 times (x 67B)
Class com.google.common.collect.Iterators$MergingIterator                             : loaded 2 times (x 79B)
Class com.google.common.io.Closer$SuppressingSuppressor                               : loaded 2 times (x 73B)
Class org.objectweb.asm.ModuleVisitor                                                 : loaded 2 times (x 79B)
Class com.google.common.collect.Maps$IteratorBasedAbstractMap$1                       : loaded 2 times (x 136B)
Class com.google.common.io.ByteSource                                                 : loaded 2 times (x 82B)
Class [Lcom.google.common.collect.AbstractMapEntry;                                   : loaded 2 times (x 67B)
Class com.google.common.io.AppendableWriter                                           : loaded 2 times (x 98B)
Class com.google.common.collect.ImmutableRangeSet$AsSet                               : loaded 2 times (x 233B)
Class com.google.common.collect.SingletonImmutableList                                : loaded 2 times (x 167B)
Class com.google.common.cache.CacheLoader$SupplierToCacheLoader                       : loaded 2 times (x 73B)
Class org.gradle.internal.classpath.ClassPath                                         : loaded 2 times (x 68B)
Class com.google.common.io.FileWriteMode                                              : loaded 2 times (x 77B)
Class com.google.common.cache.RemovalListener                                         : loaded 2 times (x 68B)
Class org.gradle.api.internal.classpath.DefaultModuleRegistry                         : loaded 2 times (x 84B)
Class com.google.common.collect.FluentIterable$1                                      : loaded 2 times (x 79B)
Class com.google.common.collect.FluentIterable$2                                      : loaded 2 times (x 79B)
Class com.google.common.collect.FluentIterable$3                                      : loaded 2 times (x 79B)
Class com.google.common.collect.ImmutableEnumSet                                      : loaded 2 times (x 144B)
Class [Lcom.google.common.collect.MapMaker$Dummy;                                     : loaded 2 times (x 67B)
Class com.google.common.collect.ListMultimap                                          : loaded 2 times (x 68B)
Class com.google.common.base.CharMatcher$JavaDigit                                    : loaded 2 times (x 109B)
Class com.google.common.base.CharMatcher$Digit                                        : loaded 2 times (x 110B)
Class com.google.common.collect.AbstractMultimap                                      : loaded 2 times (x 121B)
Class com.google.common.io.ByteSource$ConcatenatedByteSource                          : loaded 2 times (x 83B)
Class com.google.common.cache.CacheBuilder$OneWeigher                                 : loaded 2 times (x 80B)
Class org.gradle.api.Action                                                           : loaded 2 times (x 68B)
Class build_czypj0s0ju0bg0psln319fp8d$_run_closure1                                   : loaded 2 times (x 137B)
Class com.google.common.io.ByteSource$SlicedByteSource                                : loaded 2 times (x 83B)
Class com.google.common.io.ByteArrayDataOutput                                        : loaded 2 times (x 68B)
Class com.google.common.collect.ImmutableEntry                                        : loaded 2 times (x 80B)
Class com.google.common.collect.Lists$StringAsImmutableList                           : loaded 2 times (x 167B)
Class com.google.common.cache.LocalCache$StrongEntry                                  : loaded 2 times (x 106B)
Class com.google.common.collect.MapMakerInternalMap$InternalEntryHelper               : loaded 2 times (x 68B)
Class org.objectweb.asm.FieldWriter                                                   : loaded 2 times (x 76B)
Class com.google.common.base.CharMatcher                                              : loaded 2 times (x 109B)
Class com.google.common.base.CharMatcher$IsNot                                        : loaded 2 times (x 109B)
Class com.google.common.collect.RegularImmutableSortedSet                             : loaded 2 times (x 233B)
Class com.google.common.collect.Maps$IteratorBasedAbstractMap                         : loaded 2 times (x 123B)
Class com.google.common.base.Splitter                                                 : loaded 2 times (x 70B)
Class [Lcom.google.common.cache.Weigher;                                              : loaded 2 times (x 67B)
Class com.google.common.collect.Iterators$ArrayItr                                    : loaded 2 times (x 95B)
Class com.google.common.collect.MapMakerInternalMap$Strength                          : loaded 2 times (x 78B)
Class com.google.common.cache.LocalCache$Segment                                      : loaded 2 times (x 152B)
Class org.gradle.api.internal.DefaultClassPathProvider                                : loaded 2 times (x 74B)
Class org.gradle.internal.installation.GradleInstallation$1                           : loaded 2 times (x 73B)
Class com.google.common.cache.LocalCache$AbstractReferenceEntry                       : loaded 2 times (x 105B)
Class org.objectweb.asm.Type                                                          : loaded 2 times (x 70B)
Class com.google.common.util.concurrent.AbstractFuture$Failure                        : loaded 2 times (x 70B)
Class com.google.common.base.CharMatcher$BitSetMatcher                                : loaded 2 times (x 110B)
Class com.google.common.collect.ImmutableMap$IteratorBasedImmutableMap                : loaded 2 times (x 123B)
Class com.google.common.reflect.Reflection                                            : loaded 2 times (x 69B)
Class com.google.common.io.Files$FileByteSource                                       : loaded 2 times (x 83B)
Class com.google.common.collect.ImmutableMap                                          : loaded 2 times (x 118B)
Class com.google.common.base.Converter                                                : loaded 2 times (x 88B)
Class com.google.common.collect.ImmutableSortedSetFauxverideShim                      : loaded 2 times (x 145B)
Class com.google.common.collect.ImmutableSet$EmptySetBuilderImpl                      : loaded 2 times (x 74B)
Class com.google.common.base.Equivalence                                              : loaded 2 times (x 80B)
Class com.google.common.primitives.Ints                                               : loaded 2 times (x 69B)
Class com.google.common.cache.LocalCache$EntryFactory$1                               : loaded 2 times (x 81B)
Class com.google.common.cache.LocalCache$EntryFactory$2                               : loaded 2 times (x 81B)
Class com.google.common.cache.LocalCache$EntryFactory$3                               : loaded 2 times (x 81B)
Class [Lcom.google.common.collect.Maps$EntryFunction;                                 : loaded 2 times (x 67B)
Class com.google.common.cache.LocalCache$EntryFactory$4                               : loaded 2 times (x 81B)
Class com.google.common.cache.LocalCache$EntryFactory$5                               : loaded 2 times (x 81B)
Class com.google.common.cache.LocalCache$EntryFactory$6                               : loaded 2 times (x 81B)
Class com.google.common.reflect.TypeResolver$TypeVariableKey                          : loaded 2 times (x 70B)
Class com.google.common.cache.LocalCache$EntryFactory$7                               : loaded 2 times (x 81B)
Class com.google.common.cache.LocalCache$EntryFactory$8                               : loaded 2 times (x 81B)
Class com.google.common.base.Predicate                                                : loaded 2 times (x 68B)
Class com.google.common.cache.LocalCache$StrongValueReference                         : loaded 2 times (x 88B)
Class org.gradle.internal.classloader.FilteringClassLoader                            : loaded 2 times (x 103B)
Class com.google.common.collect.AbstractMapBasedMultimap$WrappedCollection            : loaded 2 times (x 122B)
Class com.google.common.reflect.TypeResolver$TypeTable                                : loaded 2 times (x 71B)
Class com.google.common.reflect.Invokable$MethodInvokable                             : loaded 2 times (x 103B)
Class com.google.common.collect.RegularImmutableSet                                   : loaded 2 times (x 146B)
Class [Lcom.google.common.cache.LocalCache$Strength;                                  : loaded 2 times (x 67B)
Class org.gradle.internal.classpath.DefaultClassPath$ImmutableUniqueList$Builder      : loaded 2 times (x 73B)
Class com.google.common.collect.AbstractRangeSet                                      : loaded 2 times (x 112B)
Class com.google.common.collect.Maps$8                                                : loaded 2 times (x 80B)
Class [Lcom.google.common.cache.CacheBuilder$NullListener;                            : loaded 2 times (x 67B)
Class com.google.common.base.PatternCompiler                                          : loaded 2 times (x 68B)
Class com.google.common.io.CharStreams$NullWriter                                     : loaded 2 times (x 97B)
Class com.google.common.base.CharMatcher$InRange                                      : loaded 2 times (x 109B)
Class com.google.common.collect.Maps$KeySet                                           : loaded 2 times (x 135B)
Class com.google.common.collect.ImmutableMultimap$EntryCollection                     : loaded 2 times (x 125B)
Class com.google.common.collect.Sets$SetView                                          : loaded 2 times (x 136B)
Class com.google.common.collect.BiMap                                                 : loaded 2 times (x 68B)
Class com.google.common.collect.Lists                                                 : loaded 2 times (x 69B)
Class org.objectweb.asm.AnnotationWriter                                              : loaded 2 times (x 77B)
Class com.google.common.math.IntMath$1                                                : loaded 2 times (x 69B)
Class org.gradle.internal.classloader.ClassLoaderVisitor                              : loaded 2 times (x 74B)
Class org.objectweb.asm.Label                                                         : loaded 2 times (x 71B)
Class com.google.common.cache.CacheBuilder$NullListener                               : loaded 2 times (x 80B)
Class com.google.common.collect.ImmutableMultimap                                     : loaded 2 times (x 145B)
Class com.google.common.math.MathPreconditions                                        : loaded 2 times (x 69B)
Class com.google.common.io.ByteStreams$1                                              : loaded 2 times (x 83B)
Class org.gradle.internal.service.DefaultServiceLocator                               : loaded 2 times (x 81B)
Class org.gradle.internal.service.UnknownServiceException                             : loaded 2 times (x 81B)
Class com.google.common.util.concurrent.AbstractFuture$SynchronizedHelper             : loaded 2 times (x 76B)
Class com.google.common.collect.ArrayListMultimap                                     : loaded 2 times (x 170B)
Class com.google.common.collect.Collections2$FilteredCollection                       : loaded 2 times (x 117B)
Class com.google.common.base.Strings                                                  : loaded 2 times (x 69B)
Class com.google.common.io.Closer                                                     : loaded 2 times (x 76B)
Class com.google.common.cache.LocalCache$Values                                       : loaded 2 times (x 116B)
Class com.google.common.cache.CacheLoader$InvalidCacheLoadException                   : loaded 2 times (x 80B)
Class org.gradle.internal.classloader.DefaultClassLoaderFactory                       : loaded 2 times (x 80B)
Class com.google.common.collect.UnmodifiableIterator                                  : loaded 2 times (x 78B)
Class com.google.common.base.Stopwatch                                                : loaded 2 times (x 70B)
Class com.google.common.reflect.Types                                                 : loaded 2 times (x 69B)
Class com.google.common.base.Platform$JdkPatternCompiler                              : loaded 2 times (x 73B)
Class com.google.common.collect.Interners$InternerImpl                                : loaded 2 times (x 73B)
Class com.google.common.cache.LocalCache$LoadingValueReference                        : loaded 2 times (x 94B)
Class com.google.common.base.CharMatcher$SingleWidth                                  : loaded 2 times (x 110B)
Class com.google.common.collect.Hashing                                               : loaded 2 times (x 69B)
Class com.google.common.io.ByteStreams$LimitedInputStream                             : loaded 2 times (x 90B)
Class com.google.common.collect.MapMakerInternalMap$AbstractStrongKeyEntry            : loaded 2 times (x 78B)
Class com.google.common.collect.ImmutableRangeSet$ComplementRanges                    : loaded 2 times (x 167B)
Class settings_44g30ppi7wqu6gxtw7kv7sjsz                                              : loaded 2 times (x 177B)
Class [Lcom.google.common.reflect.Types$ClassOwnership;                               : loaded 2 times (x 67B)
Class com.google.common.base.JdkPattern                                               : loaded 2 times (x 73B)
Class com.google.common.base.Optional                                                 : loaded 2 times (x 78B)
Class com.google.common.collect.Multimap                                              : loaded 2 times (x 68B)
Class [Lcom.google.common.cache.RemovalCause;                                         : loaded 2 times (x 67B)
Class com.google.common.base.FunctionalEquivalence                                    : loaded 2 times (x 81B)
Class org.objectweb.asm.AnnotationVisitor                                             : loaded 2 times (x 76B)
Class org.objectweb.asm.RecordComponentWriter                                         : loaded 2 times (x 76B)
Class com.google.common.cache.LocalCache$1                                            : loaded 2 times (x 87B)
Class com.google.common.cache.LocalCache$2                                            : loaded 2 times (x 140B)
Class com.google.common.collect.RegularImmutableBiMap                                 : loaded 2 times (x 146B)
Class org.gradle.internal.classloader.VisitableURLClassLoader$Spec                    : loaded 2 times (x 72B)
Class org.gradle.api.GradleException                                                  : loaded 2 times (x 80B)
Class com.google.common.base.CharMatcher$JavaLetterOrDigit                            : loaded 2 times (x 109B)
Class org.gradle.api.internal.classpath.ModuleRegistry                                : loaded 2 times (x 68B)
Class com.google.common.collect.ForwardingObject                                      : loaded 2 times (x 70B)
Class com.google.common.reflect.TypeToken$1                                           : loaded 2 times (x 106B)
Class com.google.common.cache.CacheBuilder                                            : loaded 2 times (x 70B)
Class com.google.common.reflect.TypeToken$2                                           : loaded 2 times (x 106B)
Class org.objectweb.asm.ByteVector                                                    : loaded 2 times (x 77B)
Class com.google.common.collect.ImmutableCollection                                   : loaded 2 times (x 123B)
Class com.google.common.collect.ImmutableRangeSet                                     : loaded 2 times (x 113B)
Class com.google.common.base.PairwiseEquivalence                                      : loaded 2 times (x 81B)
Class com.google.common.base.Ticker                                                   : loaded 2 times (x 70B)
Class org.gradle.api.internal.ClassPathProvider                                       : loaded 2 times (x 68B)
Class com.google.common.base.Ascii                                                    : loaded 2 times (x 69B)
Class com.google.common.collect.RegularImmutableMap$Values                            : loaded 2 times (x 167B)
Class org.objectweb.asm.ModuleWriter                                                  : loaded 2 times (x 80B)
Class org.gradle.internal.classloader.ClasspathUtil$1                                 : loaded 2 times (x 74B)
Class com.google.common.io.ByteSource$AsCharSource                                    : loaded 2 times (x 84B)
Class com.google.common.collect.ImmutableEnumMap                                      : loaded 2 times (x 123B)
Class com.google.common.collect.ImmutableList$ReverseImmutableList                    : loaded 2 times (x 168B)
Class com.google.common.cache.AbstractCache$StatsCounter                              : loaded 2 times (x 68B)
Class com.google.common.collect.Maps$EntryFunction$1                                  : loaded 2 times (x 89B)
Class com.google.common.collect.Maps$EntryFunction$2                                  : loaded 2 times (x 89B)
Class org.objectweb.asm.FieldVisitor                                                  : loaded 2 times (x 75B)
Class org.objectweb.asm.Symbol                                                        : loaded 2 times (x 71B)
Class com.google.common.reflect.TypeToken                                             : loaded 2 times (x 71B)
Class com.google.common.cache.LocalCache$Strength$1                                   : loaded 2 times (x 79B)
Class com.google.common.collect.EmptyImmutableListMultimap                            : loaded 2 times (x 174B)
Class com.google.common.cache.LocalCache$Strength$2                                   : loaded 2 times (x 79B)
Class com.google.common.cache.LocalCache$Strength$3                                   : loaded 2 times (x 79B)
Class org.gradle.internal.classloader.ClassLoaderFactory                              : loaded 2 times (x 68B)
Class com.google.common.collect.ObjectArrays                                          : loaded 2 times (x 69B)
Class com.google.common.base.Absent                                                   : loaded 2 times (x 78B)
Class com.google.common.util.concurrent.AbstractFuture$Waiter                         : loaded 2 times (x 70B)
Class com.google.common.util.concurrent.Uninterruptibles                              : loaded 2 times (x 69B)
Class com.google.common.collect.Iterators$10                                          : loaded 2 times (x 79B)
Class com.google.common.collect.Iterators$EmptyModifiableIterator                     : loaded 2 times (x 84B)
Class com.google.common.collect.ImmutableList                                         : loaded 2 times (x 166B)
Class org.gradle.api.internal.classpath.ManifestUtil                                  : loaded 2 times (x 69B)
Class org.gradle.api.specs.Spec                                                       : loaded 2 times (x 68B)
Class com.google.common.collect.RangeSet                                              : loaded 2 times (x 68B)
Class com.google.common.cache.CacheLoader$UnsupportedLoadingOperationException        : loaded 2 times (x 80B)
Class com.google.common.base.CharMatcher$Whitespace                                   : loaded 2 times (x 110B)
Class com.google.common.util.concurrent.ListenableFuture                              : loaded 2 times (x 68B)
Class com.google.common.collect.MapMaker$Dummy                                        : loaded 2 times (x 77B)
Class com.google.common.collect.Iterators$1                                           : loaded 2 times (x 79B)
Class com.google.common.collect.BaseImmutableMultimap                                 : loaded 2 times (x 121B)
Class com.google.common.collect.Iterators$4                                           : loaded 2 times (x 80B)
Class com.google.common.collect.RegularImmutableMap$BucketOverflowException           : loaded 2 times (x 80B)
Class com.google.common.collect.Iterators$5                                           : loaded 2 times (x 80B)
Class com.google.common.collect.Iterators$6                                           : loaded 2 times (x 79B)
Class com.google.common.util.concurrent.AbstractFuture$UnsafeAtomicHelper             : loaded 2 times (x 76B)
Class com.google.common.base.Joiner                                                   : loaded 2 times (x 77B)
Class com.google.common.base.Equivalence$Equals                                       : loaded 2 times (x 80B)
Class com.google.common.base.Preconditions                                            : loaded 2 times (x 69B)
Class com.google.common.base.Function                                                 : loaded 2 times (x 68B)
Class com.google.common.collect.Iterators$9                                           : loaded 2 times (x 79B)
Class org.gradle.internal.IoActions                                                   : loaded 2 times (x 69B)
Class com.google.common.collect.MapMakerInternalMap$StrongKeyDummyValueEntry$Helper   : loaded 2 times (x 77B)
Class com.google.common.cache.ReferenceEntry                                          : loaded 2 times (x 68B)
Class com.google.common.collect.RegularImmutableMap$KeySet                            : loaded 2 times (x 148B)
Class com.google.common.collect.CollectPreconditions                                  : loaded 2 times (x 69B)
Class [Lcom.google.common.base.Function;                                              : loaded 2 times (x 67B)
Class com.google.common.primitives.IntsMethodsForWeb                                  : loaded 2 times (x 69B)
Class com.google.common.collect.RangeGwtSerializationDependencies                     : loaded 2 times (x 69B)
Class com.google.common.collect.Maps                                                  : loaded 2 times (x 69B)
Class com.google.common.collect.RegularImmutableMap                                   : loaded 2 times (x 119B)
Class com.google.common.collect.AbstractIndexedListIterator                           : loaded 2 times (x 94B)
Class com.google.common.collect.ImmutableMultimap$Builder                             : loaded 2 times (x 81B)
Class com.google.common.base.CharMatcher$None                                         : loaded 2 times (x 110B)
Class org.gradle.api.internal.classpath.EffectiveClassPath                            : loaded 2 times (x 88B)
Class com.google.common.collect.UnmodifiableListIterator                              : loaded 2 times (x 93B)
Class com.google.common.io.Files                                                      : loaded 2 times (x 69B)
Class com.google.common.cache.CacheLoader$FunctionToCacheLoader                       : loaded 2 times (x 73B)
Class com.google.common.cache.CacheBuilder$1                                          : loaded 2 times (x 83B)
Class com.google.common.cache.CacheBuilder$2                                          : loaded 2 times (x 70B)
Class com.google.common.collect.ImmutableList$1                                       : loaded 2 times (x 95B)
Class com.google.common.base.Splitter$Strategy                                        : loaded 2 times (x 68B)
Class com.google.common.io.CharStreams                                                : loaded 2 times (x 69B)
Class com.google.common.collect.ImmutableMapEntrySet$RegularEntrySet                  : loaded 2 times (x 149B)
Class com.google.common.base.Predicates$CompositionPredicate                          : loaded 2 times (x 86B)
Class [Lcom.google.common.cache.RemovalListener;                                      : loaded 2 times (x 67B)
Class [Lcom.google.common.collect.ImmutableMapEntry;                                  : loaded 2 times (x 67B)
Class com.google.common.collect.Interners                                             : loaded 2 times (x 69B)
Class com.google.common.collect.MapMakerInternalMap$Strength$1                        : loaded 2 times (x 78B)
Class org.gradle.internal.installation.CurrentGradleInstallation                      : loaded 2 times (x 71B)
Class com.google.common.collect.MapMakerInternalMap$Strength$2                        : loaded 2 times (x 78B)
Class org.gradle.internal.agents.InstrumentingClassLoader                             : loaded 2 times (x 68B)
Class org.gradle.internal.installation.CurrentGradleInstallationLocator               : loaded 2 times (x 69B)
Class [Lcom.google.common.cache.LocalCache$Segment;                                   : loaded 2 times (x 67B)
Class org.gradle.api.internal.classpath.Module                                        : loaded 2 times (x 68B)
Class com.google.common.io.ByteSource$ByteArrayByteSource                             : loaded 2 times (x 83B)
Class com.google.common.collect.ImmutableSortedSet                                    : loaded 2 times (x 233B)
Class com.google.common.base.Splitter$1$1                                             : loaded 2 times (x 84B)
Class com.google.common.collect.MapMakerInternalMap$Segment                           : loaded 2 times (x 140B)
Class com.google.common.collect.ImmutableSet$JdkBackedSetBuilderImpl                  : loaded 2 times (x 74B)
Class com.google.common.reflect.Types$TypeVariableInvocationHandler                   : loaded 2 times (x 73B)
Class com.google.common.reflect.Types$ClassOwnership                                  : loaded 2 times (x 78B)
Class com.google.common.collect.ImmutableSet$RegularSetBuilderImpl                    : loaded 2 times (x 75B)
Class [Lorg.objectweb.asm.AnnotationWriter;                                           : loaded 2 times (x 67B)
Class org.gradle.internal.service.CachingServiceLocator                               : loaded 2 times (x 80B)
Class [Lcom.google.common.collect.ImmutableEntry;                                     : loaded 2 times (x 67B)
Class com.google.common.collect.Sets$ImprovedAbstractSet                              : loaded 2 times (x 133B)
Class com.google.common.collect.AbstractMapBasedMultimap$AsMap                        : loaded 2 times (x 126B)
Class org.gradle.internal.classpath.DefaultClassPath                                  : loaded 2 times (x 88B)
Class com.google.common.collect.MapMakerInternalMap$1                                 : loaded 2 times (x 81B)
Class com.google.common.util.concurrent.AbstractFuture$SetFuture                      : loaded 2 times (x 73B)
Class com.google.common.collect.CollectCollectors                                     : loaded 2 times (x 69B)
Class com.google.common.collect.TransformedIterator                                   : loaded 2 times (x 78B)
Class com.google.common.base.Splitter$SplittingIterator                               : loaded 2 times (x 82B)
Class com.google.common.collect.ImmutableMultisetGwtSerializationDependencies         : loaded 2 times (x 123B)
Class com.google.common.reflect.TypeParameter                                         : loaded 2 times (x 70B)
Class com.google.common.collect.ImmutableListMultimap                                 : loaded 2 times (x 174B)
Class com.google.common.cache.LocalCache$LocalManualCache$1                           : loaded 2 times (x 73B)
Class com.google.common.reflect.Types$ClassOwnership$1LocalClass                      : loaded 2 times (x 69B)
Class [Lcom.google.common.collect.AbstractIterator$State;                             : loaded 2 times (x 67B)
Class org.objectweb.asm.SymbolTable$Entry                                             : loaded 2 times (x 72B)
Class [Lcom.google.common.cache.LocalCache$EntryFactory;                              : loaded 2 times (x 67B)
Class com.google.common.base.CharMatcher$Is                                           : loaded 2 times (x 109B)
Class com.google.common.collect.Maps$AbstractFilteredMap                              : loaded 2 times (x 125B)
Class com.google.common.base.Platform                                                 : loaded 2 times (x 69B)
Class com.google.common.collect.RegularImmutableAsList                                : loaded 2 times (x 176B)
Class com.google.common.base.Suppliers$NonSerializableMemoizingSupplier               : loaded 2 times (x 77B)
Class com.google.common.collect.PeekingIterator                                       : loaded 2 times (x 68B)
Class com.google.common.reflect.TypeResolver$TypeTable$1                              : loaded 2 times (x 71B)
Class com.google.common.collect.ImmutableMapEntrySet                                  : loaded 2 times (x 149B)
Class com.google.common.cache.CacheLoader                                             : loaded 2 times (x 72B)
Class com.google.common.collect.ImmutableBiMapFauxverideShim                          : loaded 2 times (x 118B)
Class org.objectweb.asm.MethodTooLargeException                                       : loaded 2 times (x 81B)
Class com.google.common.cache.Cache                                                   : loaded 2 times (x 68B)
Class com.google.common.collect.Maps$EntrySet                                         : loaded 2 times (x 134B)
Class org.gradle.internal.classloader.SystemClassLoaderSpec                           : loaded 2 times (x 69B)
Class com.google.common.io.LineBuffer                                                 : loaded 2 times (x 73B)
Class com.google.common.util.concurrent.internal.InternalFutureFailureAccess          : loaded 2 times (x 70B)
Class com.google.common.base.Charsets                                                 : loaded 2 times (x 69B)
Class com.google.common.primitives.Ints$IntConverter                                  : loaded 2 times (x 88B)
Class com.google.common.collect.SingletonImmutableSet                                 : loaded 2 times (x 144B)
Class com.google.common.reflect.Types$TypeVariableImpl                                : loaded 2 times (x 70B)
Class com.google.common.collect.Interners$InternerBuilder                             : loaded 2 times (x 74B)
Class [Lcom.google.common.base.AbstractIterator$State;                                : loaded 2 times (x 67B)
Class com.google.common.collect.ImmutableMap$Builder                                  : loaded 2 times (x 80B)
Class com.google.common.io.LineReader$1                                               : loaded 2 times (x 73B)
Class com.google.common.base.AbstractIterator                                         : loaded 2 times (x 78B)
Class org.objectweb.asm.ClassWriter                                                   : loaded 2 times (x 104B)
Class com.google.common.collect.Range                                                 : loaded 2 times (x 85B)
Class com.google.common.base.AbstractIterator$1                                       : loaded 2 times (x 69B)
Class [Lcom.google.common.cache.CacheBuilder$OneWeigher;                              : loaded 2 times (x 67B)
Class com.google.common.collect.Iterators                                             : loaded 2 times (x 69B)
Class com.google.common.base.CharMatcher$1                                            : loaded 2 times (x 111B)
Class com.google.common.base.CharMatcher$Ascii                                        : loaded 2 times (x 110B)
Class com.google.common.cache.LocalCache$ComputingValueReference                      : loaded 2 times (x 94B)
Class com.google.common.collect.ImmutableList$SerializedForm                          : loaded 2 times (x 71B)
Class org.gradle.api.UncheckedIOException                                             : loaded 2 times (x 80B)
Class com.google.common.base.CharMatcher$And                                          : loaded 2 times (x 110B)
Class com.google.common.io.Files$FileByteSink                                         : loaded 2 times (x 75B)
Class [Lcom.google.common.io.FileWriteMode;                                           : loaded 2 times (x 67B)
Class com.google.common.collect.IndexedImmutableSet                                   : loaded 2 times (x 148B)
Class com.google.common.base.ExtraObjectsMethodsForWeb                                : loaded 2 times (x 69B)
Class com.google.common.collect.IndexedImmutableSet$1                                 : loaded 2 times (x 172B)
Class com.google.common.collect.AbstractListMultimap                                  : loaded 2 times (x 170B)
Class com.google.common.base.CharMatcher$Any                                          : loaded 2 times (x 110B)
Class build_czypj0s0ju0bg0psln319fp8d                                                 : loaded 2 times (x 178B)
Class com.google.common.cache.LocalCache$Strength                                     : loaded 2 times (x 79B)
Class com.google.common.collect.AbstractMapBasedMultimap$KeySet                       : loaded 2 times (x 135B)
Class com.google.common.collect.SortedIterable                                        : loaded 2 times (x 68B)
Class settings_44g30ppi7wqu6gxtw7kv7sjsz$_run_closure1$_closure2                      : loaded 2 times (x 137B)
Class com.google.common.collect.ArrayListMultimapGwtSerializationDependencies         : loaded 2 times (x 170B)
Class com.google.common.base.CharMatcher$RangesMatcher                                : loaded 2 times (x 110B)
Class com.google.common.collect.AbstractMapBasedMultimap$RandomAccessWrappedList      : loaded 2 times (x 165B)
Class org.objectweb.asm.Handler                                                       : loaded 2 times (x 70B)
Class com.google.common.collect.ImmutableList$SubList                                 : loaded 2 times (x 168B)
Class com.google.common.cache.LocalCache$ValueReference                               : loaded 2 times (x 68B)
Class com.google.common.collect.CollectSpliterators                                   : loaded 2 times (x 69B)
Class com.google.common.io.Java8Compatibility                                         : loaded 2 times (x 69B)
Class org.gradle.internal.classloader.ClasspathUtil                                   : loaded 2 times (x 69B)
Class org.objectweb.asm.CurrentFrame                                                  : loaded 2 times (x 71B)
Class com.google.common.util.concurrent.AbstractFuture                                : loaded 2 times (x 93B)
Class com.google.common.reflect.TypeResolver                                          : loaded 2 times (x 70B)
Class com.google.common.base.Splitter$1                                               : loaded 2 times (x 75B)
Class com.google.common.collect.TransformedListIterator                               : loaded 2 times (x 91B)
Class com.google.common.cache.LocalCache$ValueIterator                                : loaded 2 times (x 84B)
Class com.google.common.base.Ticker$1                                                 : loaded 2 times (x 70B)
Class com.google.common.collect.Maps$BiMapConverter                                   : loaded 2 times (x 88B)
Class org.gradle.api.internal.DefaultClassPathRegistry                                : loaded 2 times (x 74B)
Class com.google.common.collect.AbstractIterator$State                                : loaded 2 times (x 77B)
Class com.google.common.util.concurrent.AbstractFuture$Cancellation                   : loaded 2 times (x 70B)
Class [Lorg.objectweb.asm.Symbol;                                                     : loaded 2 times (x 67B)
Class com.google.common.base.Predicates                                               : loaded 2 times (x 69B)
Class com.google.common.collect.Interner                                              : loaded 2 times (x 68B)
Class com.google.common.collect.ImmutableSet$SetBuilderImpl                           : loaded 2 times (x 74B)
Class org.gradle.api.internal.classpath.DefaultModuleRegistry$DefaultModule           : loaded 2 times (x 84B)
Class com.google.common.io.LineReader                                                 : loaded 2 times (x 70B)
Class com.google.common.base.CharMatcher$JavaIsoControl                               : loaded 2 times (x 110B)
Class com.google.common.collect.ImmutableMap$1                                        : loaded 2 times (x 79B)
Class com.google.common.base.CharMatcher$Or                                           : loaded 2 times (x 110B)
Class com.google.common.cache.RemovalCause$1                                          : loaded 2 times (x 78B)
Class com.google.common.cache.RemovalCause$2                                          : loaded 2 times (x 78B)
Class com.google.common.cache.RemovalCause$3                                          : loaded 2 times (x 78B)
Class com.google.common.cache.RemovalCause$4                                          : loaded 2 times (x 78B)
Class com.google.common.cache.RemovalCause$5                                          : loaded 2 times (x 78B)
Class com.google.common.base.Suppliers$SupplierOfInstance                             : loaded 2 times (x 77B)
Class org.objectweb.asm.RecordComponentVisitor                                        : loaded 2 times (x 75B)
Class com.google.common.reflect.Types$ClassOwnership$1                                : loaded 2 times (x 78B)
Class com.google.common.reflect.Invokable                                             : loaded 2 times (x 99B)
Class com.google.common.reflect.Types$ClassOwnership$2                                : loaded 2 times (x 78B)
Class com.google.common.reflect.Types$ClassOwnership$3                                : loaded 2 times (x 69B)
Class com.google.common.cache.LocalCache$HashIterator                                 : loaded 2 times (x 84B)
Class com.google.common.collect.Iterables                                             : loaded 2 times (x 69B)
Class com.google.common.base.CharMatcher$JavaLowerCase                                : loaded 2 times (x 109B)
Class com.google.common.cache.LocalCache$WriteThroughEntry                            : loaded 2 times (x 77B)
Class org.objectweb.asm.ClassTooLargeException                                        : loaded 2 times (x 81B)
Class org.gradle.api.internal.classpath.UnknownModuleException                        : loaded 2 times (x 80B)
Class com.google.common.collect.FluentIterable                                        : loaded 2 times (x 79B)
Class com.google.common.util.concurrent.AbstractFuture$Listener                       : loaded 2 times (x 70B)
Class com.google.common.collect.CollectSpliterators$1                                 : loaded 2 times (x 88B)
Class com.google.common.collect.MapMakerInternalMap$StrongKeyDummyValueEntry$LinkedStrongKeyDummyValueEntry: loaded 2 times (x 80B)
Class com.google.common.collect.Iterables$4                                           : loaded 2 times (x 79B)
Class com.google.common.collect.Iterables$5                                           : loaded 2 times (x 79B)
Class org.objectweb.asm.Edge                                                          : loaded 2 times (x 70B)
Class com.google.common.collect.Maps$EntryTransformer                                 : loaded 2 times (x 68B)
Class com.google.common.collect.ImmutableCollection$Builder                           : loaded 2 times (x 74B)
Class com.google.common.io.ByteArrayDataInput                                         : loaded 2 times (x 68B)
Class [Lorg.objectweb.asm.SymbolTable$Entry;                                          : loaded 2 times (x 67B)
Class com.google.common.reflect.Types$JavaVersion                                     : loaded 2 times (x 81B)
Class com.google.common.collect.SingletonImmutableBiMap                               : loaded 2 times (x 141B)
Class com.google.common.base.CommonPattern                                            : loaded 2 times (x 72B)
Class com.google.common.base.Suppliers$MemoizingSupplier                              : loaded 2 times (x 77B)
Class com.google.common.base.Suppliers                                                : loaded 2 times (x 69B)
Class [Lcom.google.common.collect.Iterators$EmptyModifiableIterator;                  : loaded 2 times (x 67B)
Class org.objectweb.asm.ClassVisitor                                                  : loaded 2 times (x 86B)
Class com.google.common.collect.MapMakerInternalMap$StrongKeyDummyValueEntry          : loaded 2 times (x 80B)
Class com.google.common.cache.LoadingCache                                            : loaded 2 times (x 68B)
Class org.gradle.internal.service.ServiceLookupException                              : loaded 2 times (x 80B)
Class com.google.common.collect.MapMakerInternalMap$StrongKeyDummyValueSegment        : loaded 2 times (x 140B)
Class org.gradle.cache.GlobalCache                                                    : loaded 2 times (x 68B)
Class com.google.common.base.Present                                                  : loaded 2 times (x 79B)
Class com.google.common.base.CharMatcher$NegatedFastMatcher                           : loaded 2 times (x 111B)
Class [Lorg.gradle.api.internal.ClassPathProvider;                                    : loaded 2 times (x 67B)
Class com.google.common.util.concurrent.AbstractFuture$SafeAtomicHelper               : loaded 2 times (x 77B)
Class com.google.common.collect.ImmutableMultimap$Values                              : loaded 2 times (x 124B)
Class org.gradle.util.internal.GUtil                                                  : loaded 2 times (x 69B)
Class com.google.common.math.IntMath                                                  : loaded 2 times (x 69B)
Class [Lcom.google.common.reflect.Types$JavaVersion;                                  : loaded 2 times (x 67B)
Class com.google.common.collect.AbstractIterator                                      : loaded 2 times (x 80B)
Class org.gradle.internal.classloader.ClassLoaderSpec                                 : loaded 2 times (x 69B)
Class com.google.common.io.LineProcessor                                              : loaded 2 times (x 68B)
Class com.google.common.base.NullnessCasts                                            : loaded 2 times (x 69B)
Class com.google.common.io.CharSink                                                   : loaded 2 times (x 77B)
Class org.objectweb.asm.Frame                                                         : loaded 2 times (x 71B)
Class com.google.common.cache.LocalCache$LocalManualCache                             : loaded 2 times (x 97B)
Class com.google.common.collect.AbstractMapEntry                                      : loaded 2 times (x 79B)
Class com.google.common.collect.ImmutableList$Builder                                 : loaded 2 times (x 75B)
Class com.google.common.base.CharMatcher$Negated                                      : loaded 2 times (x 111B)
Class com.google.common.cache.CacheLoader$1                                           : loaded 2 times (x 73B)
Class [Lcom.google.common.collect.MapMakerInternalMap$Strength;                       : loaded 2 times (x 67B)
Class com.google.common.util.concurrent.AbstractFuture$TrustedFuture                  : loaded 2 times (x 95B)
Class com.google.common.cache.RemovalCause                                            : loaded 2 times (x 78B)
Class com.google.common.collect.MapMakerInternalMap$InternalEntry                     : loaded 2 times (x 68B)
Class com.google.common.collect.Maps$ViewCachingAbstractMap                           : loaded 2 times (x 123B)
Class com.google.common.collect.Sets                                                  : loaded 2 times (x 69B)
Class com.google.common.collect.ImmutableSet$Builder                                  : loaded 2 times (x 83B)
Class com.google.common.collect.Sets$FilteredSet                                      : loaded 2 times (x 135B)
Class com.google.common.collect.MapMakerInternalMap                                   : loaded 2 times (x 159B)
Class com.google.common.base.CharMatcher$ForPredicate                                 : loaded 2 times (x 110B)
Class com.google.common.collect.ImmutableMap$MapViewOfValuesAsSingletonSets           : loaded 2 times (x 123B)
Class com.google.common.collect.ImmutableMapKeySet                                    : loaded 2 times (x 148B)
Class com.google.common.base.MoreObjects                                              : loaded 2 times (x 69B)
Class com.google.common.collect.SortedMapDifference                                   : loaded 2 times (x 68B)
Class org.objectweb.asm.SymbolTable                                                   : loaded 2 times (x 70B)
Class [Lorg.objectweb.asm.AnnotationVisitor;                                          : loaded 2 times (x 67B)
Class com.google.common.cache.CacheStats                                              : loaded 2 times (x 69B)
Class org.objectweb.asm.Attribute                                                     : loaded 2 times (x 75B)
Class org.gradle.internal.classloader.VisitableURLClassLoader                         : loaded 2 times (x 115B)
Class com.google.common.cache.LocalCache$LocalLoadingCache                            : loaded 2 times (x 132B)
Class com.google.common.base.Supplier                                                 : loaded 2 times (x 68B)
Class com.google.common.collect.ImmutableMultimap$Keys                                : loaded 2 times (x 164B)
Class com.google.common.base.Objects                                                  : loaded 2 times (x 69B)
Class com.google.common.util.concurrent.AbstractFuture$AtomicHelper                   : loaded 2 times (x 76B)
Class com.google.common.collect.ImmutableBiMap                                        : loaded 2 times (x 141B)
Class org.gradle.internal.Cast                                                        : loaded 2 times (x 69B)
Class com.google.common.hash.PrimitiveSink                                            : loaded 2 times (x 68B)
Class com.google.common.collect.NullnessCasts                                         : loaded 2 times (x 69B)
Class org.gradle.api.internal.ClassPathRegistry                                       : loaded 2 times (x 68B)
Class com.google.common.cache.LocalCache$EntryFactory                                 : loaded 2 times (x 81B)
Class com.google.common.util.concurrent.UncheckedExecutionException                   : loaded 2 times (x 80B)
Class com.google.common.collect.ImmutableSet                                          : loaded 2 times (x 143B)
Class org.gradle.internal.classloader.VisitableURLClassLoader$InstrumentingVisitableURLClassLoader: loaded 2 times (x 121B)
Class org.gradle.internal.classloader.ClassLoaderHierarchy                            : loaded 2 times (x 68B)
Class com.google.common.io.Closer$Suppressor                                          : loaded 2 times (x 68B)
Class com.google.common.collect.AbstractMapBasedMultimap$WrappedList                  : loaded 2 times (x 165B)
Class [Lorg.objectweb.asm.Type;                                                       : loaded 2 times (x 67B)
Class com.google.common.collect.MapMakerInternalMap$WeakValueReference                : loaded 2 times (x 68B)
Class com.google.common.base.AbstractIterator$State                                   : loaded 2 times (x 77B)
Class com.google.common.cache.Weigher                                                 : loaded 2 times (x 68B)
Class com.google.common.collect.MapMakerInternalMap$StrongValueEntry                  : loaded 2 times (x 68B)
Class com.google.common.base.CharMatcher$NamedFastMatcher                             : loaded 2 times (x 110B)
Class org.gradle.internal.InternalTransformer                                         : loaded 2 times (x 68B)
Class org.gradle.internal.service.ServiceLocator                                      : loaded 2 times (x 68B)
Class com.google.common.collect.ImmutableRangeSet$1                                   : loaded 2 times (x 169B)
Class com.google.common.util.concurrent.SettableFuture                                : loaded 2 times (x 95B)
Class com.google.common.io.Files$2                                                    : loaded 2 times (x 74B)
Class com.google.common.collect.ImmutableMapEntry                                     : loaded 2 times (x 83B)
Class com.google.common.reflect.Types$ParameterizedTypeImpl                           : loaded 2 times (x 79B)
Class com.google.common.collect.Maps$EntryFunction                                    : loaded 2 times (x 89B)
Class settings_44g30ppi7wqu6gxtw7kv7sjsz$_run_closure1                                : loaded 2 times (x 137B)
Class com.google.common.io.ByteStreams                                                : loaded 2 times (x 69B)
Class com.google.common.base.CharMatcher$Invisible                                    : loaded 2 times (x 110B)
Class com.google.common.base.Joiner$1                                                 : loaded 2 times (x 78B)
Class com.google.common.collect.MapMaker                                              : loaded 2 times (x 70B)
Class com.google.common.base.Joiner$2                                                 : loaded 2 times (x 77B)
Class com.google.common.reflect.Types$JavaVersion$1                                   : loaded 2 times (x 81B)
Class com.google.common.collect.ImmutableMultiset                                     : loaded 2 times (x 161B)
Class com.google.common.base.CharMatcher$FastMatcher                                  : loaded 2 times (x 109B)
Class com.google.common.reflect.Types$JavaVersion$2                                   : loaded 2 times (x 81B)
Class com.google.common.reflect.Types$JavaVersion$3                                   : loaded 2 times (x 81B)
Class org.gradle.internal.classpath.DefaultClassPath$ImmutableUniqueList              : loaded 2 times (x 159B)
Class com.google.common.reflect.Types$JavaVersion$4                                   : loaded 2 times (x 81B)
Class com.google.common.reflect.Types$JavaVersion$5                                   : loaded 2 times (x 69B)
Class com.google.common.base.CharMatcher$JavaLetter                                   : loaded 2 times (x 109B)
Class com.google.common.collect.ImmutableMultimap$1                                   : loaded 2 times (x 80B)
Class com.google.common.collect.ImmutableMultimap$2                                   : loaded 2 times (x 79B)
Class org.gradle.internal.classpath.TransformedClassPath                              : loaded 2 times (x 94B)
Class com.google.common.collect.MapDifference                                         : loaded 2 times (x 68B)
Class com.google.common.reflect.TypeToken$SimpleTypeToken                             : loaded 2 times (x 71B)
Class com.google.common.io.ByteSource$EmptyByteSource                                 : loaded 2 times (x 83B)
Class com.google.common.collect.Sets$1                                                : loaded 2 times (x 137B)
Class com.google.common.collect.Sets$2                                                : loaded 2 times (x 137B)
Class com.google.common.util.concurrent.AbstractFuture$Trusted                        : loaded 2 times (x 68B)
Class com.google.common.collect.Sets$3                                                : loaded 2 times (x 137B)
Class com.google.common.graph.SuccessorsFunction                                      : loaded 2 times (x 68B)
Class com.google.common.collect.Sets$4                                                : loaded 2 times (x 137B)
Class com.google.common.reflect.Types$NativeTypeVariableEquals                        : loaded 2 times (x 69B)
Class com.google.common.io.ByteSink                                                   : loaded 2 times (x 74B)
Class com.google.common.collect.AbstractMapBasedMultimap$WrappedCollection$WrappedIterator: loaded 2 times (x 82B)
Class org.objectweb.asm.MethodWriter                                                  : loaded 2 times (x 104B)
Class com.google.common.collect.Platform                                              : loaded 2 times (x 69B)
Class com.google.common.collect.ImmutableAsList                                       : loaded 2 times (x 169B)
Class com.google.common.util.concurrent.ExecutionError                                : loaded 2 times (x 80B)
Class com.google.common.io.ByteSink$AsCharSink                                        : loaded 2 times (x 78B)
Class com.google.common.base.Equivalence$Identity                                     : loaded 2 times (x 80B)
Class com.google.common.base.CharMatcher$AnyOf                                        : loaded 2 times (x 110B)
Class com.google.common.base.CharMatcher$IsEither                                     : loaded 2 times (x 109B)
Class com.google.common.collect.AbstractIterator$1                                    : loaded 2 times (x 69B)
Class com.google.common.io.CharSource                                                 : loaded 2 times (x 83B)
Class com.google.common.cache.LocalCache                                              : loaded 2 times (x 185B)
Class com.google.common.collect.ImmutableRangeSet$Builder                             : loaded 2 times (x 75B)
Class com.google.common.collect.RegularImmutableList                                  : loaded 2 times (x 172B)
Class com.google.common.util.concurrent.AbstractFuture$UnsafeAtomicHelper$1           : loaded 2 times (x 74B)
Class com.google.common.base.CharMatcher$JavaUpperCase                                : loaded 2 times (x 109B)
Class com.google.common.collect.Multiset                                              : loaded 2 times (x 68B)
Class com.google.common.collect.ImmutableSet$CachingAsList                            : loaded 2 times (x 145B)
Class com.google.common.reflect.Invokable$ConstructorInvokable                        : loaded 2 times (x 103B)
Class org.objectweb.asm.MethodVisitor                                                 : loaded 2 times (x 103B)
Class com.google.common.collect.AbstractMapBasedMultimap$KeySet$1                     : loaded 2 times (x 80B)
Class com.google.common.collect.ImmutableMapEntry$NonTerminalImmutableMapEntry        : loaded 2 times (x 83B)
Class com.google.common.collect.AbstractMapBasedMultimap                              : loaded 2 times (x 137B)


---------------  S Y S T E M  ---------------

OS:
 Windows 11 , 64 bit Build 26100 (10.0.26100.7623)
OS uptime: 3 days 10:05 hours
Hyper-V role detected

CPU: total 16 (initial active 16) (8 cores per cpu, 2 threads per core) family 6 model 186 stepping 2 microcode 0x4128, cx8, cmov, fxsr, ht, mmx, 3dnowpref, sse, sse2, sse3, ssse3, sse4.1, sse4.2, popcnt, lzcnt, tsc, tscinvbit, avx, avx2, aes, erms, clmul, bmi1, bmi2, adx, sha, fma, vzeroupper, clflush, clflushopt, clwb, hv
Processor Information for processor 0
  Max Mhz: 2400, Current Mhz: 2400, Mhz Limit: 2400
Processor Information for processor 1
  Max Mhz: 2400, Current Mhz: 2400, Mhz Limit: 2400
Processor Information for processor 2
  Max Mhz: 2400, Current Mhz: 2400, Mhz Limit: 2400
Processor Information for processor 3
  Max Mhz: 2400, Current Mhz: 2400, Mhz Limit: 2400
Processor Information for processor 4
  Max Mhz: 2400, Current Mhz: 2400, Mhz Limit: 2400
Processor Information for processor 5
  Max Mhz: 2400, Current Mhz: 1520, Mhz Limit: 2400
Processor Information for processor 6
  Max Mhz: 2400, Current Mhz: 2400, Mhz Limit: 2400
Processor Information for processor 7
  Max Mhz: 2400, Current Mhz: 2400, Mhz Limit: 2400
Processor Information for processor 8
  Max Mhz: 2400, Current Mhz: 2400, Mhz Limit: 2400
Processor Information for processor 9
  Max Mhz: 2400, Current Mhz: 1520, Mhz Limit: 2400
Processor Information for processor 10
  Max Mhz: 2400, Current Mhz: 2400, Mhz Limit: 2400
Processor Information for processor 11
  Max Mhz: 2400, Current Mhz: 1520, Mhz Limit: 2400
Processor Information for processor 12
  Max Mhz: 2400, Current Mhz: 1800, Mhz Limit: 1800
Processor Information for processor 13
  Max Mhz: 2400, Current Mhz: 1800, Mhz Limit: 1800
Processor Information for processor 14
  Max Mhz: 2400, Current Mhz: 1800, Mhz Limit: 1800
Processor Information for processor 15
  Max Mhz: 2400, Current Mhz: 1800, Mhz Limit: 1800

Memory: 4k page, system-wide physical 16108M (685M free)
TotalPageFile size 28396M (AvailPageFile size 16M)
current process WorkingSet (physical memory assigned to process): 227M, peak: 652M
current process commit charge ("private bytes"): 675M, peak: 702M

vm_info: OpenJDK 64-Bit Server VM (17.0.11+0--11852314) for windows-amd64 JRE (17.0.11+0--11852314), built on May 16 2024 21:29:20 by "androidbuild" with MS VC++ 16.10 / 16.11 (VS2019)

END.
